"서울|홍대|룸즈에이 홍대점|키메이커|-|5|85|FALSE|나는 5주간의 임상시험에 참여했다. 부작용의 가능성이 없고, 단기간에 수고비도 많이 받을 수 있다고 했다. 1주일에 한번씩만 검진을 받으러 오면 된다는 조건까지. 오늘, 최종 검진을 받으러 병원에 들렀다. 늘 그렇듯 이 진료실에는 아무도 없고, 들어왔던 문은 검진이 끝날 때까지 잠겨있을 것이다."|
"서울|홍대|룸즈에이 홍대점|필활|-|4|70|FALSE|19세기 조선, 팔도에서 최고로 손꼽히는 민간 해결사로 유명했던 당신. 어느 날, 날벼락같이 들이닥친 포졸들에게 잡혀 궁내의 감옥에 갇히게 된다. 무슨 죄로 잡혀온 지도 모르는 당신에게 한 통의 서신이 도착한다."|
"서울|홍대|룸즈에이 홍대점|뽀득뽀득|-|4|60|FALSE|우리 아빠는 술만 마시면 맨날 목용탕에 가자고 한다. 목욕은 정말 실다."|
"서울|홍대|룸즈에이 홍대점|RH-X|-|5|80|FALSE|바깥 공기를 마셔본 것도 언제가 마지막이였는지 모르겠다. 어느 날 집으로 침입한 괴한들에 의해 영문도 모른 채 어딘지 모를 연구실에 도착했다. 나에 대한 대우는 왜인지 모르게 극진했지만, 내내 감시를 당하고 무언가를 알아내려는 느낌을 지울 수 없다. 연구원들이 모두 자리를 비우는 틈을 타 이곳에서 나가기로 마음먹었다. 불길한 기운이... 어쩌면 이번이 유일한 탈출 기회가 될 것이라는 강한 예감이 든다."|
"서울|홍대|코드케이 홍대점|꼬레아 우라|http://www.code-k.co.kr/sub/code_sub03.html?R_JIJEM=S3#|4|75|TRUE|2022년 대한민국은 현재 일본 식민지 시대' <br><br>우리는 일본인들의 멸시와 차별 속에서 <br>하루하루 힘들게 살아가고 있다. <br><br>어머니가 돌아가시고 그로부터 약 1년 후 문자 하나가 왔다. <br><br>""안녕하세요 저는 남자현이라고 합니다. <br>어머님(안윤복)이 자녀분들에게 남겨주신 목걸이가 필요해요. <br>내일 저녁 10시 홍대꾸에 있는 아시아믹스 술집 <br>2번 테이블에서 기다릴께요"" <br><br>문득 1년 전 그날이 기억났다. <br><br>다급하게 집에 들어오신 어머니 <br>그리고 내 손에 목걸이를 전해주시면서 하셨던 말 <br><br>""엄마 지인이 목걸이를 찾으면 기억했다가 꼭 전해줘야 한다."" <br><br>그리고 다음날 어머님은 뺑소니 사고로 돌아가셨다. <br><br>어머니의 마지막 유언이 돼버렸던 말... <br><br>내일 나는 목걸이를 전해줘야 한다!"|
"서울|홍대|던전101|화생설화 : Blooming|https://www.xphobia.net/quest/quest_view.php?qr_id=1598345685|3|60|TRUE|자식 갖기를 원하는 부부에게 아기를 점지하고, 인간세상의 출산을 돕고, <br><br>갓난 아이를 보호하는 삼신. <br><br>이 삼신할매의 세계에서 나는 조수로서 일하고 있다. <br><br><br><br>오늘은 또 어떤 일들을 하게 될까?"|
"서울|홍대|키이스케이프 홍대점|삐릿-뽀|https://keyescape.co.kr/web/home.php?go=main#page3|4|75|TRUE|삐릿삐리...삐삐...삐...삐리리리리리! <br>삐리리리릿 삐리리 삐리뽀리 삐릿-뽀!"|
"서울|홍대|키이스케이프 홍대점|홀리데이|https://keyescape.co.kr/web/home.php?go=main#page3|4|60|TRUE|오늘은 홀리데이."|
"서울|홍대|키이스케이프 홍대점|고백|https://keyescape.co.kr/web/home.php?go=main#page3|5|85|TRUE|아직도 기억나. 널 처음봤던 그 순간.<br>가만히 서 있는 뒷모습조차 너무나 귀여웠어.<br>한눈에 알아차렸지. 우린 너무나 잘 맞을 거란 걸.<br>제대로 시작도 못해보고 널 이렇게 떠나보낼 수 없어.<br><br>지금, 만나러 갑니다."|
"서울|홍대|이스케이퍼스 2호점|네모네모 마믈메는 무슨밀미 밌멌믈까?|http://www.escapers.co.kr/theme/2|3|60|TRUE|■ GAME START ■"|
"서울|홍대|이스케이퍼스 2호점|멍스타그램|http://www.escapers.co.kr/theme/2|4|60|TRUE|""당신은 개를 좋아하시나요?"" <br>당신은 모르는 개들의 은밀한 SNS. <br>고양이를 더 좋아하셔도 보여는 드릴게요!"|
"서울|홍대|이스케이퍼스 2호점|인생낚시|http://www.escapers.co.kr/theme/2|4|60|TRUE|내 이름은 김낚시 <br>고향에서 검은빛 바다를 보며 생각에 잠겼다. <br>한 낚시꾼이 다가와 어디까지 낚아봤냐고 물었다. <br>바다낚시 때 검은수염고래까지 낚아봤다고 했더니, <br>아직 멀었다며 자신이 낚은 낚시컬렉션을 보여줄테니 <br>자신의 낚시배인 낚낚배에 타라고 했다. <br>낚낚배는 '낚''낚'소리를 내며 천천히 움직였다. <br>낚시꾼은 어디갔을까?"|
"서울|홍대|이스케이퍼스 2호점|만약, 당신이 길을 잃었다면 |http://www.escapers.co.kr/theme/2|3|60|TRUE|어린 시절을 떠올렸다. <br>새하얀 도화지를 꺼내 색연필로 바탕을 그렸다. <br>물감을 짜서 색깔도 입혔다. <br>하지만 도화지는 계속 새하얀 색이었다. <br>오늘은 어째서일까 <br>도화지에 그린 그림이 눈에 들어왔다. <br>그제서야 지금 꼭 해야할 일이 떠올랐다."|
"서울|강남|네이버웹툰 체험관 오프라인|연의 편지|http://webtoonoffline.com/|5|75|FALSE|소리, 호연, 동순이의 아름답고 비밀스러운 아주 특별한 공간으로 지금 초대합니다."|
"서울|강남|넥스트에디션 강남 2호점|마법소녀|https://www.nextedition.co.kr/shops/Nextedition%20Gangnam2|5|70|TRUE|낮에는 평범한 중학생. <br>밤에는 도시의 평화를 지키는 마법소녀! <br><br>오늘도 이 도시의 모든 사람들이 <br>평화로운 밤을 보낼 수 있기를 바라며!"|
"서울|강남|넥스트에디션 강남 신논현점|이웃집 또털어|https://www.nextedition.co.kr/shops/Nextedition%20gangnamsinnonhyun|5|80|TRUE|우리 가족도둑단 이웃집 또털어! <br>우리는 오늘도 우리의 생필품과 용돈을 마련하기 위해 <br>딱 100만원 어치만 털고, 털고, 또 턴다!"|
"서울|강남|도어이스케이프 블루 신논현점|TRUTH|http://blue.doorescape.co.kr/main.php|4|80|TRUE|""사라져버린 나의 기억을 찾습니다. <br>진실을 마주할 준비가 되었습니까?"""|
"서울|강남|도어이스케이프 레드 신논현점|비|http://red.doorescape.co.kr/main.php|5|77|TRUE|게임에 접속중입니다. <br>""Loading...70%"""|
"서울|강남|비밀의화원 리버타운 강남점|제트|http://secretgardenescape.com/|3|180|TRUE|눈을 떠 보니 낯선 우주선... 나는 왜 여기에...?"|
"서울|강남|비밀의화원 리버타운 강남점|후레쉬망고 호스텔|http://secretgardenescape.com/|3|70|TRUE|싸와디카~ 작지만 아늑한 후레쉬망고 호스텔입니다."|
"서울|강남|비트포비아 강남 던전|LOST KINGDOM : 잊혀진 전설|https://www.xphobia.net/|3|60|TRUE|전설 속의 왕국, 아틀란티스는 과연 존재하는가?<br>가문 대대로 아틀란티스에 관한 고고학 연구를 지속하고 있는<br>키스콥 가문의 고고학자인 당신은<br>어느 날 발신인을 알 수 없는 편지를 받게 된다.<br><br>편지에는 놀랍게도 아틀란티스의 위치를 알리는 실마리가 적혀 있었고.<br>실마리를 따라 도착한 곳은 버뮤다 해협에 있는 한 무인도의 좁은 동굴이었다.<br><br>그곳에 도착한 당신은 동굴 안을 좀 더 자세히 살펴보기로 하는데…"|
"서울|강남|비트포비아 강남 던전|대호시장 살인사건|https://www.xphobia.net/|4|60|TRUE|대호 시장에 위치한 집에서 한 남자의 사체가 발견된다. <br>사인은 손목의 상처로 인한 과다출혈이었고, <br>사체의 곁에서 유서가 발견되었기에 자살이라 보였다. <br><br>하지만 이 사건이 단순한 자살이 아닌 <br>교묘하게 계획된 살인이 아닐까 의구심이 들기 시작한 당신은 <br>강력반 동료들과 함께 피해자와 관련된 사람들을 용의자로 지목해 <br>본격적으로 수사를 진행하기 시작하는데…"|
"서울|강남|싸인이스케이프 강남시티점|러너웨이|http://www.signescape.com/|4|75|TRUE|오늘 밤 모두의 눈을 피해 탈출한다."|
"서울|강남|제로월드 강남점|아이엠|https://www.zerogangnam.com/|4|75|TRUE|내 이름은 에론 머스크. 어릴 때부터 내꿈은 슈퍼 히어로였다. <br><br>용감하게 범죄에 맞서 위험한 사람들을 구하고, <br>가정을 꾸려 내 가족의 행복을 지키는 히어로! <br>그 꿈을 키워 지금의 나는 모두가 인정하는 경찰이 되었고, <br>현재는 연쇄 살인사건의 범인 L을 수사 중에 있다. 살인마 L ..."|
"서울|강남|제로월드 강남점|콜러|https://zerogangnam.com/|5|75|TRUE|나는 기억을 잃었다."|
"서울|강남|제로월드 강남점|DONE|https://www.zerogangnam.com/|3|75|TRUE|우리는 런던 뒷골목을 누비는 Alex 형제들. <br>우연히 찰리 전파사에 굉장히 큰 돈이 숨겨져 있다는 <br>소문을 들었다. <br>오늘은 전파사의 휴무일. <br>털자!"|
"서울|강남|키이스케이프 강남더어썸점|원더리아|https://keyescape.co.kr/|4|75|TRUE|원더리아 함께면 우린 할 수 있어."|
"서울|강남|비트포비아 강남 던전|네드|https://keyescape.co.kr/|4|75|TRUE|“친구의 부탁을 나 몰라라 할 순 없지!” <br><br>마을에서 말썽꾸러기로 유명한 네드. <br><br>어느 날, 그런 네드에게 새벽에 걸려온 친구의 전화. <br>전화기 너머에서는 친구 아빠 ‘알베리치’가 궂은 날씨에 <br>택배 배달을 나가서 아직 집에 들어오지 않아 걱정이라고 한다. <br><br>바로 어제, <br>'요즘 마을에서 이상한 일이 벌어지는 것 같으니, <br>집에 일찍 일찍 들어오자!'라고 친구와 약속까지 했다는데…. <br><br>분명 심상치 않다. <br>리더인 내가 나서줘야지! <br>엄마 죄송해요. 통금시간은 못 지킬 거 같아요..."|
"서울|강남|키이스케이프 강남더오름점|엔제리오|https://keyescape.co.kr/|4|70|TRUE|-"|
"서울|강남|판타스트릭|태초의 신부 : 이브 프로젝트|http://fantastrick.co.kr/|4|100|TRUE|암흑가 최고의 마에스트로라고 불리는 범죄 기획자 <스네이크><br><br>그가 <아담>이 보호 관리하는 <태초의 신부>를 노리고<br><br>프로젝트팀 <이브>를 만든다는 정보가 퍼지고 있다.<br><br>이런 빅 이벤트에 빠질 수는 없지 않겠어?"|
"서울|강남|포인트나인|EP1 : 시간이 멈춘 마을|https://point-nine.com/|5|75|TRUE|다른 주민들은 모르겠지만, <br>시간이 멈춘 우리 마을은 같은 하루가 반복된다. <br><br>오늘도 다른 날과 다를 것이 없겠지만, <br>영주로서의 책무를 다하기 위해 <br>마을을 한 바퀴 둘러보았다."|
"서울|강남|포인트나인|EP2 : 열쇠공의 이중생활|https://point-nine.com/|4|70|TRUE|나는 마을의 열쇠공이다. 옆집 귀금속점 주인이 일전에 의뢰한 물건이 맘에 쏙 들었는지 귀한 답례품을 주고 갔다. <br><br>구두쇠로 소문난 녀석이 웬일이지? 제법 만들기 어려웠던 것이지만, 작업하는 재미가 있어서 꽤 괜찮은 결과물이 나온 덕인 것 같다. 보는 눈은 있어 가지고… <br><br>흠 근데 이거 뭘 준 거지? 구두쇠 녀석이 비싼 걸 줬을 리 없으니 의심부터 해봐야겠어! 자, 어디 한번 보러 가볼까?"|
"서울|강남|황금열쇠 강남점|NOMON : THE ORDEAL|http://xn--jj0b998aq3cptw.com/|3|80|TRUE|저희 가게는 약속된 손님만 받습니다. <br><br>약속된 시간이 되면, 문을 두드려주시죠."|
"서울|건대|넥스트에디션 건대 보네르관|세렌디피티(SERENDIPITY)|https://www.nextedition.co.kr/shops/Nextedition%20Gundae%20Bonheur|4|100|TRUE|나는 오늘,<br>잃어버린 꿈을 찾기위해서 사직서를 내려합니다."|
"서울|건대|넥스트에디션 건대점|다시 봄|https://www.nextedition.co.kr/shops/NextEdition%20Gundae|4|80|TRUE|이건 아주 진부한 이야기입니다."|
"서울|건대|넥스트에디션 건대점|MONSTER:10800|https://www.nextedition.co.kr/shops/NextEdition%20Gundae|5|70|TRUE|""내 안에 몬스터가 깨어나고 있어""<br><br>순간의 잘못된 선택이 커다란 악마를 만들어 냈다.<br>1분 1초, 급박함과 긴장감 속에 서서히 닥쳐오는 재앙.<br>내 손으로 만든 이 괴물은 내 손으로 직접 처리하겠어.<br>끝을 모를 어둠 속에서, 점점 커져만 가는 몬스터를 막을 수 있을 것인가!"|
"서울|건대|에픽플랜 건대점|출생|https://www.epicplan.co.kr/layout/pc/home.php?go=main|3|75|TRUE|차사님, 삼신할매께서 새로운 생명을 점지하셨습니다.<br>신수의 도움을 받아 새로운 생명의 탄생을 이끌어 주시옵소서."|
"서울|건대|에픽플랜 건대점|에이전트 스노우|https://www.epicplan.co.kr/layout/pc/home.php?go=main|3|65|TRUE|아이들의 꿈과 순수한 동심을 지키기 위해 임무를 수행중인 에이전트 스노우!<br><br>호호호, 오늘도 어김없이 아이들에게 선물을 주러 떠나볼까?<br>아이들이 선물을 받고 기뻐할 생각에 신이 나는군!<br>아니, 잠깐!! 선물이 사라졌다고...?<br>도대체 누가 이런 짓을 벌인거지?<br><br>큰일이군..시간에 맞춰 선물을 전달해줘야 할 텐데.."|
"서울|건대|마스터키 프라임 건대점|디코이 (DECOY)|http://www.master-key.co.kr/home|4|60|TRUE|인생은 비극이다"|
"서울|건대|마스터키 건대점|딜리버 (DELIVER)|http://www.master-key.co.kr/home|3|60|TRUE|택배왔습니다"|
"서울|건대|마스터키 건대점|디데이 (D-DAY)|http://www.master-key.co.kr/home|4|70|TRUE|시나리오 쓰고 자빠졌네"|
"서울|건대|호텔 레토|호텔 레토|http://hotelletoh.co.kr/layout/res/home.php?go=main|3|100|TRUE|-"|
"서울|건대|비밀의화원 포레스트점|라스트 잡 (LAST JOB)|http://www.secretgardenescape.com|4|90|TRUE|당신들은 포레전자에 다니고 있는 사원들이다. 그런데 회사가 예고도 없이 몇 주전부터 폐업절차에 들어 가게 되고... 다들 정신이 없는 와중에 한 직원의 와 달라는 연락을 받게 된다. 스펙타클하게 펼쳐지는 그들의 마지막 업무가 시작된다."|
"서울|건대|비밀의화원 포레스트점|아인모스|http://www.secretgardenescape.com|5|85|TRUE|""결국, 누가 이 소설을 썼는지 아무도 모르겠지..."""|
"서울|건대|비밀의화원 포레스트점|미씽 스노우맨|http://www.secretgardenescape.com|2|70|TRUE|엔써니호텔에 입사하게된 신입 호텔리어 MAS! 호텔 업무를 보던 중, 이 호텔에서 누군가 실종되는 사건이 있었다는 것을 알게되는데..."|
"서울|건대|머더파커 건대 1호점|파커4|http://www.mdpk.co.kr/|5|80|TRUE|살인마 파커에게 잡혀 온 네 명의 사람. 당신은 이 곳을 탈출해 파커에게서 벗어나야한다."|
"서울|건대|머더파커 건대 1호점|여행|http://www.mdpk.co.kr/|3|70|TRUE|허구헌 날 술만 마시고, 늦게 들어오고, 집안일은 나 몰라라하는 남편. 이제 더이상은 못 참겠다. 기필코 오늘은 떠날거야."|
"서울|건대|머더파커 건대 2호점|동창회|http://www.mdpk.co.kr/|4|70|TRUE|이혜정 : 우리 어디서 만날까?"|
"서울|건대|머더파커 건대 2호점|5010|http://www.mdpk.co.kr/|5|60|TRUE|""그때...왜 그랬어?"""|
"서울|건대|포인트나인 건대점|리턴 (RETURN)|https://point-nine.com/layout/res/home.php?go=main|3|65|TRUE|가까운 미래, 화려한 밤, 그리고 빛의 도시.<br>이곳에서 마스크 상점을 운영하는 Zho 부부.<br><br>이들은 평소 훌륭한 인품과 좋은 금실로 모든 이웃에게 존경받지만,<br>수 년째 생기지 않는 아이로 인해 남모를 걱정을 안고 살아왔다.<br><br>그러던 어느날, 구석진 골목길에 버려진 한 여자아이를 발견한 부부는<br>아이의 부모를 찾아주려 꽤 오랜 시간을 애썼으나 뜻대로 되지 않았다.<br>그들은 결국 이것을 신의 가호이자 부부의 운명으로 받아들이게 되고,<br>누구보다 기쁜 마음으로 아이를 입양하며 부모로서의 책임을 다한다.<br><br>불쌍히 버려졌던 아이는 Kolk라는 새 이름을 가지고 다시 태어나<br>부부의 딸로서 여느 가족과 다를 바 없이 평범하게 자랄 수 있었다.<br><br>그러나 최근 들어<br>온 세상 곳곳에서 사람들이 사라지기 시작했다.<br>알 수 없는 사건들이 오랜 시간 반복되자,<br>심상치 않음을 느낀 부부는 Kolk에게 편지 한 통을 남긴다."|
"서울|건대|포인트나인 건대점|알바 (ALBA)|https://point-nine.com/layout/res/home.php?go=main|4|75|TRUE|빛이 있는 곳엔 어둠도 있는 법.<br>구원자의 통치체제에도 반하는 무리가 있었으니<br>도심에서 떨어진 지역에 반정부군이 어느새 형성되었다.<br><br>반정부군 소속의 임원 Brian.<br>그는 평소에는 도심의 마을에서 의료 목적으로 신체 개조를 해주는<br>On & Off Plastic Surgery를 운영하고 있다.<br>대외적으로는 정부군과도 협력하며 기술적인 부분을 지원하고 있지만,<br>이는 다 첩보활동을 위한 것.<br>그는 정부의 여러 비밀정보들을 취합하며 반정부군으로 돌아갈 날을 기다리고 있다.<br><br>그리고 이 가게에서 아르바이트를 하고 있는 Vincent와 Kevin.<br>둘은 일을 하다 보니 사장님 Brian이 반정부군 소속임을 알게 되었고,<br>반정부군에 들어가고 싶어 넌지시 얘기를 꺼내보지만<br>위험한 일이라며 늘 거절당하고 만다.<br><br>오늘도 평소와 다를 것 없는 출근길.<br>하지만 웬일인지 사장님에게 연락이 한 통 와있다."|
"서울|건대|엑스케이프 건대점|숨바꼭질|http://xcape.co.kr/|4|60|TRUE|""딸이 사라졌어요.""<br>어린 딸이 사라졌다는 제보. <br>딸을 잃은 엄마는 세상을 잃은 슬픔에 빠진다. <br><br>모녀의 집은 최근 연이은 강도사건으로 떠들썩한 동네. <br>그러던 중 범인으로 추정되는 자의 침입 흔적이 모녀의 집에서 발견된다."|
"서울|건대|솔버 1호점|자각몽 (LUCID DREAM)|http://solver-gd.com/|3|60|TRUE|현실과 구분이 되지 않는 꿈. 그 안에서 당신은 처음보는 소녀의 부름에 낯선 방에 이르게 된다. 자신을 J라 소개하는 그녀 J는 자신의 이야기를 들어달라 해놓고는 홀연히 사려져버린다. ""J...? 4년 전 연쇄실종사건의 마지막 실종자...J? 단순한 꿈이 아님을 직감적으로 눈치챈 당신은 천천히 방을 둘러보게 되는데...."|
"서울|건대|솔버 2호점|마르시 (Dear Marsy)|http://solver-gd.com/|4|75|TRUE|밤하늘, 나를 향해 가장 푸르게 빛나는 저 별... 나는 그에게 '에덴' 이라는 이름을 붙여주었다."|
"서울|기타|넥스트에디션 신림점|극|https://www.nextedition.co.kr/shops/Nextedition%20Sinlim|3|70|TRUE|우리 약속 기억나?"|
"서울|기타|넥스트에디션 잠실점|작은 악마들|https://www.nextedition.co.kr/shops/Nextedition%20Jamsil|4|60|TRUE|1년 전. <br><br>잊고 싶은 악몽같던 기억."|
"서울|기타|넥스트에디션 잠실점|데.코.연.(데이트 코스 연구회)|https://www.nextedition.co.kr/shops/Nextedition%20Jamsil|2|60|TRUE|누군가에게는 <br>유치할 수도 있는, <br><br>누군가에게는 <br>입가에 미소를 짓게 할, <br><br>그런 이야기."|
"서울|기타|룸엘이스케이프 신림점|METRO|http://www.roomlescape.com/|3|70|TRUE|죽은 자의 물품을 가지고 죽은 장소에서 <br>자정부터 새벽 4시까지 <br>아무런 행동을 취하지 않고 기다리고 있으면 <br>죽은 자와 관련된 걸 볼 수 있다. <br><br>- 끝내려면 그 원혼이 원하는 부분을 해결해야 함 - <br><br>잠이 들기 전, 눈을 뜨고 난 후, 밥을 먹을 때도 <br>운전을 할 때도 항상 그날의 일이 생각 난다. <br>누가 도대체 그녀에게 그런 일을... <br><br>혼자 조사하기 시작했다. <br>하지만 별다른 성과를 거두지 못했고 <br>나는 하지 말아야 될 행동을 해버렸다."|
"서울|기타|룸엘이스케이프 신림점|악몽|http://www.roomlescape.com/|5|70|TRUE|매일 밤 나는 꿈을 꾼다 <br>같은 꿈을 정말 천 번 이상꾼 것 같다 <br>꿈에는 항상 이상하게도 내가 다니던 <br>모교가 나온다 <br>현실인지 꿈인지 <br>하지만 거기까지다 <br>그 이후로는 기억이 없다 <br>꿈을 꾸고 나서는 이상한 일들이 발생한다 <br>그래서 나는 초자연적인 일들을 다루는 고스트 헌터 카페에 의뢰를 했다 <br>나의 문제를 해결해달라고 <br>그래서 나는 오늘 주술사와 <br>모교로 찾아간다"|
"서울|기타|룸엘이스케이프 신림점|트레져헌터|http://www.roomlescape.com/|4|70|TRUE|2240년 모두가 기다리던 타임머신이 완성되었고, <br>사람들은 과거와 미래뿐 아니라 최첨단 과학들을 이용해 <br>다른 행성으로까지 뻗어 나갈 수 있게 되었다. <br><br>그로인해 과거에 미래에서 보물을 탐사하는 <br>새로운 직업 트레져헌터 라는 직업이 생겨났다. <br><br>우리는 TREE2 행성에서 타임머신을 타고 <br>과거 이집트 문명을 탐사하던 중 <br>새로운 문명을 발견하게 된다..."|
"서울|기타|마스터키 노원점|통제구역|http://www.master-key.co.kr/|5|60|TRUE|낯선 방. <br>낯선 음성. <br><br>그리고, <br><br>나와 같으면서 다른 <br>낯선 그들"|
"서울|기타|마스터키 노원점|일탈|http://www.master-key.co.kr/|4|60|TRUE|한 번도 경험한 적 없던, <br><br>나의 처음이자 마지막 일탈."|
"서울|기타|마스터키 잠실점|이스케이프플랜|http://www.master-key.co.kr/|5|70|TRUE|갇히고 또 탈출하는 데에 무슨 이유가 필요한가 <br>오직 탈출의 <br>탈출에 의한 <br>탈출을 위한 <br>Escape Plan"|
"서울|기타|비밀의 화원 시네마틱 혜화점|달 : 기억의 조각|http://www.secretgardenescape.com/|3.5|70|TRUE|달님의 기억을 빌려주세요."|
"서울|기타|비밀의 화원 시네마틱 혜화점|딜레마|http://www.secretgardenescape.com/|3.5|75|TRUE|홍콩 침사추이의 작은 캡슐호텔. 3일간 머물렀던 한국인 투숙객 이은호가 체크아웃 후 실종되었다."|
"서울|기타|비트포비아 대학로점|구룡 잠들지 않는 도시|https://www.xphobia.net/|4|65|TRUE|홍콩의 눅눅한 뒷골목에서 하이에나처럼 살아가는 쓰레기 같은 내 인생 <br><br>하루하루가 지긋지긋하다. <br><br>그를 만났던 그날. 지극히 평범했던 그날 밤..."|
"서울|기타|비트포비아 사라진 그녀|사라진 그녀|https://www.xphobia.net/|4|75|TRUE|“제 아내가 사라졌어요…” <br><br>행복한 신혼생활을 즐기던 은행원 P씨, <br>어느 날 퇴근 후 집에 돌아오니, 급하게 챙겨 나간 흔적만이 있을 뿐… <br>불길한 마음에 아내에게 전화해 보지만, 없는 번호라는 응답만이 돌아온다. <br><br>갑자기 사라진 아내를 찾기 위해 P씨는 포비아 흥신소에 도움을 청하게 되고, <br>첫번째 임무로, 갓 입사한 신입 탐정인 당신이 이 사건을 맡게 되었다. <br><br>수소문 끝에 그녀에 대한 단서가 있다는 제보를 받고 <br>동대문 역사문화공원역을 찾아왔다. <br><br>그녀는 과연 누구였을까? <br>그녀의 정체에 다가갈수록 충격적인 진실들이 밝혀지기 시작하는데…"|
"서울|기타|비트포비아 자비원|자비원|https://www.xphobia.net/|4|75|TRUE|사라진 그녀의 흔적을 따라 동대문에 도착했던 당신. <br>한시간에 걸친 현장 조사 끝에 그녀와 관련된 수 많은 비밀들을 알게되었다. <br><br>그녀의 옛 동료가 그녀에게 보내려 했던 메시지를 통해 <br>당신은 그녀의 다음 목적지를 깨닫게 되었고, <br>조력자에게 그 곳에 대한 정보 수집을 요청하였다. <br><br>실종자를 찾는 평범한 일이라 생각하고 맡았던 일이지만 <br>그 이면에는 여러 사람들과 조직들간의 얽히고 설킨 비밀이 존재했다. <br><br>당신은 그 곳에서 그녀를 찾아낼 수 있을까? <br>과거 그녀에게는 대체 무슨일이 있었던 것일까?"|
"서울|기타|셜록홈즈 잠실2호점|단잠|http://sherlock-holmes.co.kr/|3|60|TRUE|몸도 마음도 지친 퇴근길, 지하철역에서 마주한 낯선 포스터 하나. 지친 당신에게 위로가 될 피아노 콘서트 : 단잠. 지금 시작합니다."|
"서울|기타|셜록홈즈 종각점|죽음의 신|http://sherlock-holmes.co.kr/|5|60|TRUE|오늘의 마지막 손님을 모시러 갑니다"|
"서울|기타|이스케이프시티 영등포본점|SPY|http://escapecity.kr/|4|60|TRUE|영국 내 비밀요원인 톰은 신분을 숨긴 채 양복점을 몰래 운영중이었다. 그러던 중 자신의 상관인 J요원으로 부터 전화 한통을 받게 된다. 적 단체인 팬텀으로부터 양복점과 톰의 신분이 노출 되었다는 내용이었다. 양복점 내 비밀통로가 있다. 비밀 미션들을 해결하여 60분안에 탈출하라는 지령이 내려지는데..."|
"서울|신촌|넥스트에디션 신촌점|SOUL CHASER - 몽유병|https://www.nextedition.co.kr/shops/NextEdition%20Sinchon|4|90|TRUE|소울 체이서란, <br>이승에서 떠나지 못한 영혼들을 추적하여 <br>찾아내는 자들이다. <br>이번 영혼에게는 어떠한 사연이 있는 것일까?"|
"서울|신촌|넥스트에디션 신촌점|화이트룸-클래식|https://www.nextedition.co.kr/shops/NextEdition%20Sinchonn|7|60|TRUE|눈을 떠보니.. 낯선곳이다. <br>""난 누구지? 왜 여기 있는거지?"""|
"서울|신촌|넥스트에디션 신촌점|더 매직|https://www.nextedition.co.kr/shops/NextEdition%20Sinchon|5|60|TRUE|별볼일 없는 촌구석 골동품가게의 막내로 태어나 <br>별볼일 없는 외모로 별볼일 없는 인생을 살아왔다. <br>17살의 첫사랑. 그리고 좌절 <br>우중충한 내인생에 비는 멈추지 않는다. <br>“여자는 만날 수 있을까? 연애는 또 결혼은?” <br>오늘도 지하실에 틀어박혀 술만이 함께할 뿐 <br>외로운 내 인생에 끝은 어디일까. <br>정말 이대로 마법사가 되는건 아닐까?! <br>나는 오늘도 세상에서 가장 어려운 탈출 <br>솔.로.탈.출에 도전한다."|
"서울|신촌|넥스트에디션 신촌점|13여고괴담|https://www.nextedition.co.kr/shops/NextEdition%20Sinchon|3|60|TRUE|’13 클럽의 초대장’ <br>‘이 글을 읽는 당신은 B여고의 0학년 13반 13번 입니다. 13번이 된 당신은 매월 13일 사고를 당할 것입니다. 도움이 필요하면 연락주세요.’ <br>새학기 첫날부터 받은 수상한 메시지, 미신을 대수롭게 넘기는 나는 누군가의 장난으로 생각하였다. <br>3월 13일, 미술실으로 이동하다가 계단에서 넘어졌다. <br>4월 13일, 화단에서 떨어지는 화분에 사고를 당했다. <br>연이은 사고에 학기초에 받은 메시지로 연락을 하였다. <br>수화기넘어 들려오는 차분한 목소리, 그녀 또한 13번이었다. <br>이유 없는 13반 13번의 사고, 다들 넘기는 분위기였지만, 감수성이 예민한 고등학생이기에 순식간에 13번은 저주의 아이콘이 되었다. 그녀는 끊임없는 괴롭힘을 견디며 13번에 대한 정보를 수집하였다. <br>그리고 이 모든 시작은 13년전 어느날부터라는 걸 파악하였는데…"|
"서울|신촌|넥스트에디션 신촌점|천사와 악마|https://www.nextedition.co.kr/shops/NextEdition%20Sinchon|4|60|TRUE|잘못된 믿음을 가진 천사의 악행 <br>서울대 종교기호학과 교수인 당신은 의문의 인물로 부터 신촌의 성지라 불리는 마스터 교회에서 수상한 의식이 행해진다는 소식을 들었다. <br>몇년 전 부터 신도들이 하나둘씩 의문사 하거나 사라지는 사건들이 벌어졌는데, 이 사건과 관련이 있음을 밝혀달라는 내용이다. <br>의문의 인물의 도움으로 교회안에 무사히 도착한 당신은 신부가 기도하러 돌아오기전까지 60분안에 비밀을 파헤쳐야 한다"|
"서울|신촌|넥스트에디션 신촌점|그레이 in 인셉션|https://www.nextedition.co.kr/shops/NextEdition%20Sinchon|2|60|TRUE|모든 것을 가진 젊은 CEO ‘크리스찬 그레이’, 그의 마력에 빠진 ‘아나스타샤’. <br>순수한 사회 초년생인 ‘아나스타샤’는 마성적인 매력을 갖고 있는 ‘그레 이’의 모든 것을 알고 싶어지게 된다. <br>그에게 다가갈수록 확실해지는 그의 숨겨진 취향, 그녀는 모든 것을 받아드리기로 마음을 먹으나, 그럴수 록 거부감이 생기는 그의 숨겨진 비밀. <br>거부할수 없는 본능의 물결속에 자신의 가치관이 흔들리는 그녀. 자신의 가치관과 그를 놓치지 않기위해 그녀는 그의 꿈속으로 향해 들어가는데..."|
"서울|신촌|넥스트에디션 신촌점|인디아나존스|https://www.nextedition.co.kr/shops/NextEdition%20Sinchon|3|60|TRUE|마지막 모험후 자신이 재직중인 바네트 대학으로 돌아온 박사는 몇달간 비워두었던 개학 연구실에서 오래전에 도착한 소포를 발견하였다. <br>소포중에는 아버지의 일기장 등이 있었다. 아버지의 흔적을 쫓는 도중 존슨박사는 우연히 만난 월터도노반에게서 아버지에 관련된 단서를 얻는다. <br>도노반은 자신이 앙카라 북쪽에서 발견한 반쪽자리 신의 석판 탁폰을 보여주며 헨리박사의 일기장을 참고로 나머지 반쪽 석판과 예수가 최후의 만찬때 사용했다는 술장'성배'를 찾아달라고 부탁하는데..."|
"경기|부천|버스티드|경성|https://busted.kr/|4|70|TRUE|1945년 경성, 그 남자의 죽음에는 어떤 사연이 있을까요?"|
"경기|부천|버스티드|탐정B ? 브레인헌터의 진실|https://busted.kr/|4|80|TRUE|오늘도 조용하기만 한 탐정사무소에 편지 한 통이 도착했다."|
"경기|부천|넥스트에디션 부천점|집으로|https://www.nextedition.co.kr/|3|60|TRUE|친구 집에 다녀오던 동생과 나<br>그러나 갑자기 납치, 감금을 당하게 되고…<br><br>아빠 엄마 집에 가고 싶어요"|
"경기|부천|넥스트에디션 부천점|쌩얼|https://www.nextedition.co.kr/|3|60|TRUE|띵동<br>“누구세요?”<br>“나야……”<br>“응? 이 시간에 웬일이야?”<br>“나 너한테 할말있어….앞에 놀이터에 있을 테니 잠깐 나와”<br><br>“뭐? 지금 막 화장을 지운 참인데 나오라고?<br>숨겼던 나의 쌩얼을 너한테 보여줄 수 없어”"|
"경기|부천|코드네임|첫번째 임무|http://xn--950bn4eo5vrlh.com/|4|70|TRUE|-"|
"경기|부천|셜록홈즈 부천점|지옥의 배달부|http://sherlock-holmes.co.kr/|3|60|TRUE|평소 열혈배달부로 소문난 김모군. 아주머니로 부터 아들 생일 날 된장국을 식지 않게 배달해 줄 것을 요청받는다. 고객 이모솔의 집에 방문해보니.... 된장국을 왜 먹지를 못하누ㅠ.ㅠ 배달부의 사명을 위해 지옥까지 쫓아간다! 본격 코믹호러힐링감동대서사시! (지옥의 라이더 테마업데이트 버전입니다!)"|
"경기|부천|셜록홈즈 부천점|프로젝트 : 노아|http://sherlock-holmes.co.kr/|4|60|TRUE|전 인류가 멸망의 위기에 처했다. 급격한 인구증가로 인한 자연재해. 전쟁. 이 문제를 해결하기 위해 어떠한 단체에서 프로젝트를 진행했지만 알 수 없는 이유로 중단되게 되었다. 당신은 비밀리에 이 프로젝트를 완료하라는 임무를 받고 해저기지에 잠입하게 되는데.. 과연 당신은 성공적으로 완료할 수 있을것인가?"|
"경기|성남시|제로월드 서현직영점|검은집|http://zeroworldesc.co.kr/|3|60|TRUE|일본 오사카 지역에는 모두가 동경하는 거대한 저택이 있었다.<br>그러던 어느 날, 저택의 주인 부부가 알 수 없는 이유로 시체로 발견이 되었고,<br>얼마 지나지 않아 부부의 첫째 딸과 둘째 딸 마저 차례대로 목숨을 잃은 채 발견 되었다.<br>갑작스런 그들의 죽음에 의아해진 사람들. 어느 순간 사람들 사이에서 대저택이 악령의 저주를 받아 모두 살해 된 것이라는 소문이 돈다.<br>채 소문이 가라 앉기도 전에 이유를 알 수 없는 화재까지 발생한 대저택.<br>과연 그 곳에선 어떤 일이 벌어지는 걸까? 정말 저주를 받아 끔찍한 사건들이 연이어 발생한 걸까?<br>그게 아니라면, 여태까지 밝혀지지 않은 다른 이유가 숨겨져 있지 않을까?<br><br>오늘 밤, 당신은 그 내막을 밝히기 위해 대저택으로 향한다."|
"경기|성남시|제로월드 서현직영점|해리포터의 모험 : 마법모자의 위기|http://zeroworldesc.co.kr/|3|60|TRUE|오랫동안 염원해왔던 바람 ‘호그와트 마법학교 입학’<br>당신은 그 꿈을 이제 코 앞에 두고 있다.<br>입학식 하루 전 호그와트로 향하는 마법기차를 기다리고 있는 당신.<br>그런데 기차역에서 4개의 기숙사를 지정해주는 마법모자 ‘솔팅 햇’이 사고를 당했다는 소식을 듣는다.<br>그래서 이번 입학생들에게 급하게 주어진 미션. 마법모자 ‘솔팅 햇’을 구하라!’.<br>미션을 성공하는 입학생에게는 아주 특별한 선물이 주어진다.<br><br>당신은 과연 사고를 당한 ‘솔팅 햇’을 구해내고 우수 입학생이 될 수 있을까?"|
"경기|성남시|제로월드 서현직영점|이터널 선샤인|http://zeroworldesc.co.kr/|3|60|TRUE|사랑은 찰나의 순간처럼 금방 사라져버리고 반복된 감정이 지겨워 서로에게 차가워진 지 오래 된 당신과 당신의 연인. 어느날 둘의 다툼은 말로서 칼을 겨누고 돌이킬 수 없는 상처를 낸다. 다음 날 그녀를 만난 당신. 하지만 당신의 애인이 오늘, 왠지 낯설다.<br>그리고 듣게 된 충격적인 소식.<br>그녀가 기억을 지워주는 병원 라쿠나에서 당신에 대한 기억을 모두 지웠다는 것.<br>당신은 그녀에 대한 충격과 원망스러움에 그녀의 기억을 지우려 한다."|
"경기|성남시|넥스트에디션 분당서현점|평범한 하루|https://www.nextedition.co.kr/|5|90|TRUE|요즘 두통을 앓고 나면<br>잠깐의 기억이 지워지는 것 같다.<br>이렇게 기억을 잃는 걸까?<br>오늘도 이렇게 평범한 하루의<br>소중함을 깨닫는다."|
"경기|성남시|넥스트에디션 분당서현점|몽중몽|https://www.nextedition.co.kr/|3|60|TRUE|방탈출 매니아 김씨<br><br>평소에 공포테마는 무섭지도 않고 시시하다고 생각하여 잘 안 가던 김씨는 더 이상 갈 만한 테마들이 없는 나머지 속는 셈 치고 공포테마를 갔다 와보지만 여전히 시시하기만 한데..<br><br>“에휴! 역시는 역시구나. 시시해”"|
"경기|성남시|넥스트에디션 분당서현점|테마명을 뭐로할지 못정하겠어요ㅠㅠ|https://www.nextedition.co.kr/|4|60|TRUE|저처럼 결정장애 있으신 분 계신가요?"|
"경기|수원시|소우주|풀문|http://sowoojoo-escape.com/layout/res/home.php?go=main|4|75|TRUE|오늘, 달이 참 노랗다."|
"경기|수원시|소우주|도고|http://sowoojoo-escape.com/layout/res/home.php?go=main|3|60|TRUE|3년 만에 달콤한 휴가.<br>친구들과 즐겁게 시간을 보내던 중 테리를 맡겼던 동물병원에서 연락이 왔다."|
"경기|수원시|소우주|마지막 유산|http://sowoojoo-escape.com/layout/res/home.php?go=main|4.5|60|TRUE|며칠 전 아버지가 돌아가셨다.<br>아버지의 재산을 처분하던 중 발견한 의문의 산장.<br>오늘 밤 이곳을 확인하러 왔다.<br>그런데 뭔가 느낌이 쎄하다.."|
"경기|수원시|소우주|영포에버|http://sowoojoo-escape.com/layout/res/home.php?go=main|4|75|TRUE|꼰머대학교로 화려하게 돌아온 복학생 나꼰대!<br>즐겁기만 할 줄 알았던 캠퍼스라이프가 왜인지 순탄하지만은 않은데..<br>그는 이 위기를 극복하고 인싸의 꿈을 이룰 수 있을까?"|
"경기|수원시|싸인이스케이프 인계시티점|페이퍼컴퍼니|http://www.signescape.com|4|65|TRUE|은행으로 위장한 페이퍼컴퍼니를 털어달라는 의뢰가 들어왔다. 의뢰인은 세계적인 기업의 총수. 그는 보안시스템에 미리 손을 써놓을 테니 392번 금고에 있는 것을 가져와 달라고 부탁했다. 시스템이 정지되는 시간. 우리는 모든 것을 가지고 나올 것이다."|
"경기|수원시|싸인이스케이프 인계점|GATE : CCZ|http://www.signescape.com|5|95|TRUE|실종자들이 속출하기 시작했다. 지하수로에서 사라지는 사람들.. 출동한 경찰, 응급대원들도 모두 사라졌다. 정부는 특수부대 소속 정예 팀을 수색작전에 동원하였지만 실종자들을 찾지 못했고 시간은 계속 흘러만 갔다. 결국 군사작전을 취소, 지하수로는 민간인 통제구역이 되었다. 정부는 입구주변을 둘러싸고 출입과 정보를 차단하였다. 하지만 이틀 전 지하수로에 들어간 기자와 전직군인들이 있었는데..."|
"경기|수원시|싸인이스케이프 인계점|신비의 베이커리|http://www.signescape.com|4|60|TRUE|“가게 잘 부탁해~^^” 갑작스럽게 엄마가 여행을 떠나셨다. 앞으로 일주일동안 가게에서 혼자 일해야 하다니.. 엄마는 제빵사 춘식이 아저씨가 있으니 걱정 말라고 하지만, 춘식이 아저씨는 잔소리가 너무 많은걸 ㅠㅠ 우리 가게는 요란하게 빵이 나오는 걸로 유명한 신비의 베이커리. 단골들을 잃을 순 없지. 힘내보자!! 그나저나 건망증이 심해진 엄마는 잘 여행하고 계실까?"|
"경기|수원시|싸인이스케이프 인계점|트라이 위저드|http://www.signescape.com|3|60|TRUE|3개의 마법학교 대표들이 모여서 진정한 마법사를 뽑는 대회를 연다. 하지만 어찌된 일인지 명단에 당신의 이름이 들어가 있다. 여러 논란 끝에 4명으로 치러지는 대회. 어려운 과제들이 점점 주어지고... 당신은 다른 참가자들 보다 먼저 그것을 해결해야한다. 이제 마지막과제. 아무도 믿을 수 없는 미로 속에서 위저드컵을 들어야한다. 당신은 위저드컵을 들고 진정한 마법사가 될 수 있을 것인가."|
"경기|수원시|벨이스케이프|바이러스|http://bell-escape.co.kr/|4|60|TRUE|치사율 80%에 달하는 원인을 알수없는 바이러스로 인해 전세계가 공포에 떨고있다.<br>그 바이러스를 연구하던 수 많은 연구진 중 한 과학자가 백신 개발에 거의 성공 직전까지 갔으나, 모든 연구대원들이 바이러스에 감염되어 결국 죽고말았다.<br>인류의 운명이 당신손에 달렸다. 당신은 그 백신을 손에넣고, 인류를 구할 수<br>있을것인가..."|
"경기|수원시|벨이스케이프|알리바이 : 크라임씬|http://bell-escape.co.kr/|5|60|TRUE|최고의 톱스타 여배우씨가 자신의 저택에서 시신으로 발견됐다. 이 사건으로 전 국민이 떠들썩했는데... 이 사건의 용의자는 총 다섯 명. 여배우의 남편 남배우, 기획사대표 김사장, 매니저인 이관리, 스타일리스트 박코디, 스캔들 기자 조밀착!! 여기 있는 5명의 용의자들 알리바이를 듣고, 거짓말을 하고 있는 진짜 범인을 찾아라.??"|
"경기|수원시|벨이스케이프|태양의 눈물|http://bell-escape.co.kr/|3|60|TRUE|모든 도둑들이 탐내는 최고의보물인 태양의 눈물이 드디어 베일을 벗었다.<br>태양의 눈물을 손에 넣어 무사히 탈출할수있을까.<br>어떠한 도둑들도 성공하지 못한 가장 경비가 삼엄하다는 이곳에서 당신과 팀원들은<br>태양의 눈물을 손에 넣어 무사히 탈출할수있을까.?"|
"경기|수원시|엑스케이프 수원점|그믐달 살인사건|http://www.xcapesw.co.kr/|3|60|TRUE|2014년 9월 23일 <br>그믐달이 뜬 밤.<br>각종 미스케리한 사건이 끊이질 않는다는 마을이 있다는 제보를 받고 인기프로그램 '그곳이 알고싶다'팀이 사전 답사 차 마을을 방문하였다.<br>그날 밤 자정, 마을 답사를 하러 나간 '그곳이 알고싶다' 메인 PD인 조PD가 나무에 목이 매달려 죽은 채로 발견되었다.<br>4명의 용의자.<br>그 중 조PD를 죽인 사람은 누구인가?"|
"경기|수원시|엑스케이프 수원점|501동 사람들|http://www.xcapesw.co.kr/|3.5|60|TRUE|1993년 부산의 목련아파트.<br>참사를 막기 위해 현재의 엑스파일러가 1993년 당일로 돌아가 비극을 막으려 한다.<br>왜, 무엇 때문에 그 일은 발생한 것인가!<br>과연 엑스파일러는 주민들을 구할 수 있을 것인가."|
"경기|수원시|엑스케이프 수원점|제물의 밤|http://www.xcapesw.co.kr/|3|60|TRUE|서른번의 낮과 밤이 지나고 큰 달이 뜨면 시험을 원하는 자들이 숲으로 모여든다.<br>재앙의 불이 타오르고 두꺼비의 내장, 산양의 쓸개를 담은 낡은 솥이 지옥의 죽처럼 끓으면 모두가 시험에 들것이니 -<br>제물의 우명을 피해갈 자는 누구인가?"|
"경기|김포시|제로월드|인형괴담|https://www.zeroesc.com/|3|75|TRUE|우연히 아파트 투신 자살 현장을 목격한 당신.<br><br>늦은 저녁, 술에 취해 집으로 돌아가던 중,<br>우연히 동네 아파트에서 투신자살 현장을 목격하게 된다.<br>사고 현장을 기웃거리는데 , 눈 앞에 한 여자 아이가 울고 있다.<br>소중한 인형을 잃어버렸다며 인형을 같이 찾아 달라고 하는 아이.<br>안쓰러운 마음에 당신은 인형을 찾는 것을 도와주기로 한다."|
"경기|김포시|제로월드|탈옥 : 특별수용소|https://www.zeroesc.com/|4|75|TRUE|사형선고… 난 죄가 없다…<br><br>억울하고 억울하지만 여기선 방법이 없다..<br>그냥 책을보며, 운동하며 나를 단련할 뿐이다.<br>열심히 생활한 덕분일까? 얼마 전 난 특별 수감동으로 이감되었다.<br><br>이곳의 재소자들은 특별한 대우를 받는다는 소문이 있었는데....<br>이곳은 상대적으로 감시도 소홀하다.<br><br>이제.. 기회가 왔다.. 떠나야 겠다!"|
"경기|김포시|제로월드|제로호텔|https://www.zeroesc.com/|4|70|TRUE|나는 국민여배우 톱스타 홍설아와 비밀 연애중이다."|
"경기|김포시|제로월드|어느 겨울밤|https://www.zeroesc.com/|3|60|TRUE|어느 겨울밤 나에게 일어난 특별한 기적<br><br>오늘은 모든 사람들이 집으로 돌아가서 기쁨과 선물을 나누는<br>크리스마스 이브이지만 나는 멋진 크리스마스 선물도,<br>함께 할 가족도 없는 꼬마 아이다.<br>부모님을 일찍 여읜 나는 특히 크리스마스 이브만 되면<br>유독 마음이 추웠다.<br>오늘도 어김없이 아랫동네 가게에서 허드렛일을 돕고<br>집으로 돌아가는 길에 멋진 장난감 가게 앞 에서<br>나도 모르게 발길이 멈춰진다."|
"경기|김포시|제로월드|검은사원|https://www.zeroesc.com/|4|75|TRUE|검은사원의 비밀을 풀 수 있을까..?<br><br>깊은 산 속에 덕망 높은 큰 스님이 계시는 사원, 천년 사원이 있다.<br>큰 스님의 가르침을 받고자 많은 사람들이 천년 사원으로 향했지만<br>어느날 부터인가 다시 돌아온 사람은 없었다.<br>겨우 목숨만 건져 돌아온 사람들은 하나같이 실성한 상태로 천년 사원에는 요괴가 산다는 이상한 얘기만 반복할 뿐이었다.<br><br>요괴 목격담은 사람들의 입을 타고 퍼져 당신이 속한 퇴마 집단에 까지 이르렀다.<br>당신은 동료들과 함께 천년사원의 내막을 밝히기 위해 떠난다."|
"경기|김포시|제로월드|해리포터의 모험 : 마법모자의 위기|https://www.zeroesc.com/|3|60|TRUE|오랫동안 염원해왔던 바람 ‘호그와트 마법학교 입학’<br>당신은 그 꿈을 이제 코 앞에 두고 있다.<br>입학식 하루 전 호그와트로 향하는 마법기차를 기다리고 있는 당신.<br>그런데 기차역에서 4개의 기숙사를 지정해주는 마법모자 ‘솔팅 햇’이 사고를 당했다는 소식을 듣는다.<br>그래서 이번 입학생들에게 급하게 주어진 미션. 마법모자 ‘솔팅 햇’을 구하라!’.<br>미션을 성공하는 입학생에게는 아주 특별한 선물이 주어진다.<br><br>당신은 과연 사고를 당한 ‘솔팅 햇’을 구해내고 우수 입학생이 될 수 있을까?"|
"경기|김포시|제로월드|성역전설|https://www.zeroesc.com/|3|75|TRUE|당신의 이름은 래아!!!!! 신의 후손 “내피림” 종족이다<br><br>욕심많은 인간은 신의 능력을 가지고 있는 내피림들을 시기 질투한다.<br>인간들은 선한 마음의 내피림들을 속여, 그들의 능력을 성전에 봉인했고, 더 큰 욕심에 내피림들을 지배하려 한다.<br><br>인간이 시작한 두 종족간의 최후의 전투!!!<br><br>래아!! 당신은 봉인되어있던 신의 능력을 다시 되찾고 최후의 전투에서 승리 할 수 있을까?<br>피림을 자기발 아래로 굴복시켜 세상을 지배하고자 했다. 그래서 ‘내피림이 악마의 후손’이라는 말을 만들어내 인간들이 반감을 갖도록 만들었고, 내피림과의 전쟁을 일으킨다.<br>능력이 봉인된 내피림은 거대한 군주의 군대 앞에서 열세일 수밖에 없었고, 그들의 생존마저 위협당하고 있다.<br>지금 당신은 ‘래아’라 불리는 내피림이다. 당신은 얼마 남지 않은 내피림들과 함께 군주와 맞서 싸울 원정대를 구성했다.<br>‘래아’ 당신은 과연 군주와의 전쟁에서 승리하고 다시 인간들과 행복하게 공존할 수 있을까?"|
"경기|김포시|제로월드|복희네 사진관|https://www.zeroesc.com/|3|60|TRUE|그시절, 복희네 사진관에서는 무슨일이 있었던걸까..?<br><br>일제강점기로부터 광복을 맞은 지 어느덧 몇 십 년이 지난 오늘, 한 젊은 커플이 우연히 사진관 앞을 지나간다.<br>'복희네 사진관'이라는 간판에 맞게 복고풍으로 지어진 사진관이 자아내는 알 수 없는 분위기와 호기심에 이끌려 사진관 안으로 들어가게 된 커플.<br>몇 십 년 동안 아무도 몰랐던 `복희네 사진관`의 잔인하고도 슬픈 비밀이 커플의 손끝에서 서서히 세상 밖으로 드러나기 시작한다."|
"경기|고양시|인사이드 방탈출카페|웨딩크루즈 살인사건|http://insideroom.co.kr/|3|60|TRUE|예비부부인 김만술과 레이코는<br>부모의 반대에도 불구하고 끈질긴 노력끝에<br>결국 결혼을 하고 신혼여행으로 크루즈여행을 떠나게 된다.<br>그곳에서 시작된 비극과 숨겨진 비밀..<br>당신은 탐정이 되어<br>크루즈 안에서 단서를 찾아 숨겨진 진실을 밝혀내야 한다."|
"경기|고양시|인사이드 방탈출카페|괴도 루키|http://insideroom.co.kr/|3|60|TRUE|당신은 최고의 도둑단체 루팡클럽에 입단하여<br>아직은 풋내기 [루키]등급이다.<br>첫 실전때는 선배와 함께 하며 교육을 받았지만<br>이번에는 모든 것을 혼자 진행해야 한다!<br>이번만 잘 해내면 프로등급이 될수 있다고 하는데...<br>지금은 [루키]지만 곧 [괴도]가 될 수 있겠지?"|
"경기|고양시|오늘탈출|첫 출근 이야기|https://todayescape.modoo.at/?link=61nt9gpw|-|240|TRUE|“미친 듯이 원서를 넣던 어느 날, 합격 통지서가 왔다.<br>첫 출근부터 나에게 이런 큰일을 맡기신다고요?”"|
"경기|고양시|코마이스케이프 라페스타점|히어로 아카데미|http://www.comaescape.co.kr/|4|60|TRUE|어릴 적부터 나는 영화에서 나오는 슈퍼맨, 배트맨, 스파이더맨과 같은 영웅들이 어디엔가는 존재한다고 믿고, 그들을 동경해왔다. 나이가 들어서도 히어로를 꿈꾸는 나를 주변에서는 비웃었지만, 진정한 히어로는 그런 것 따위는 가볍게 무시할 수 있는 것이다. 그래서 나는 결심했다. 진짜 히어로가 되어 보이겠다고. 나는 히어로 아카데미를 졸업하고 히어로가 될 수 있을까?"|
"경기|고양시|코마이스케이프 라페스타점|안개꽃|http://www.comaescape.co.kr/|4|60|TRUE|화가인 그가 내게서 떠나간지 어느덧 한 달, 나는 여전히 그와의 시간 속에 머물러 있다. 그리움과 원망을 가득 안고 골목길을 걷던 어느 날, 밤공기를 들이마시며 한 걸음씩 내딛던 나는 작은 골목길과는 어울리지 않는 전시관을 보게 되었다. 처음 보는 전시관이었지만 어디선가 그의 향기가 흘러나오는 듯 했고, 그 추억 속의 향기에 이끌려 전시회장 안으로 들어서게 되었다."|
"경기|고양시|코마이스케이프 라페스타점|낭랑카페|http://www.comaescape.co.kr/|4|60|TRUE|낭랑 카페는 오랫동안 존재해 왔습니다. 즐거운 방랑 이라는 뜻을 가진 낭랑 카페는 여러분이 아주 깊은 고민을 하며 걷거나 사색에 잠겨 걷거나 그것도 아니라면 정말 아무런 생각없이 멍하니 걸을 때 여러분 앞에 나타납니다. 믿거나 말거나 나폴레옹이나 베토벤도 저희 낭랑 카페를 방문한 적이 있습니다. 그들이 어떤 고민을 안고 낭랑 카페의 문을 열었을지는 아무도 모르는 일입니다. 낭랑카페에는 종업원이 없습니다. 하지만 여러분은 종업원이 없이도 최고의 음료수를 맛볼 수 있죠. 자, 이 수수께끼로 가득한 낭랑카페를 이용해 보시겠어요? 아니면 그냥 지나치시겠습니까?...."|
"경기|고양시|코마이스케이프 라페스타점|행방불냥|http://www.comaescape.co.kr/|3|60|TRUE|고양이 돌보미 동아리 ‘캣홀릭’의 일원으로서의 첫 의뢰를 받은 나. 의뢰인의 집안 곳곳에는 집주인이 고양이를 얼마나 좋아하는지 알 수 있는 물건들이 보인다. 한참을 고양이와 관련된 물건을 살펴보던 중 느낀 뭔가 이상한 점. 이 집에 정작 돌볼 고양이가 보이지 않는다. 고양이 돌보미 최대의 위기! 내가 돌봐야할 고양이가 사라졌다!!"|
"경기|안양시|셜록홈즈 안양범계점|할머니는 마법사|http://sherlock-holmes.co.kr/|3|60|TRUE|어린 시절 할머니는 나에게 줄 곧 마법사에 관한 이야기를 해주었다. 동심 가득한 시절 나에게 그 이야기는 새로운 세상의 로망이었다. 어느날 나에게 할머니가 보낸 편지가 도착했다. 편지의 내용은 나에게 줄 선물이 있으니 보름달이 뜨는 날 밤, 자신의 집으로 찾아오라는 내용 이었다. 일에 치여 신경 쓰지 못했던 할머니께 죄송함을 느끼며 보름달이 뜨는 날 밤 할머니의 집으로 향한다…"|
"경기|안양시|셜록홈즈 안양범계점|미치광이 과학자|http://sherlock-holmes.co.kr/|4|60|TRUE|당신의 동네에는 과학자가 살고 있다. 미친사람, 살인마, 식인 그를 지칭하는 무서운 단어와 무성한 소문 속 진실이 궁금한 당신. 들어와선 안될 곳에 들어와 버렸다. 미친 과학자가 돌아올 때까지 남은 시간은 딱 60분, 그 안에 실험실을 탈출하지 못하면 당신은 그의 다음 실험체가 될지도, 혹은 오늘 저녁메뉴가 될지도 모른다"|
"경기|안양시|셜록홈즈 뉴안양점|웨딩크루즈 살인사건-2탄|http://sherlock-holmes.co.kr/|3|60|TRUE|거대 부호 김만술과 그의 아내 미치코는 결혼생활 10주년을 기념하기 위해 호화 크루즈 여행을 떠나게 되었다. 로맨틱한 웨딩 크루즈 여행을 꿈꿨것만.. 크루즈 안에서 김만술은 시체로 발견된다. 용의자는 김만술씨의 아내 미치코를 포함한 탑승객 4명! 크루즈 여행으로 휴가길에 올랐던 명탐정 셜록홈즈는 여행길에서 다시 살인사건을 맡게 되는데..?!"|
"경기|안양시|셜록홈즈 뉴안양점|파노라마|http://sherlock-holmes.co.kr/|4|60|TRUE|panorama [-?ræm?] : 1. 전경 2. 파노라마(특정 주제·사건 등을 한 눈에 보여주는 묘사·연구·그림들)"|
"경기|안양시|셜록홈즈 뉴안양점|노량진 고시생의 사랑-여자편|http://sherlock-holmes.co.kr/|4|60|TRUE|안녕? 난 노량진에서 고시 공부중인 김민지라고 해! 계속되는 불합격 소식과 생활고로 인해 힘들고 우울한 날이 계속 되지만 유일한 가족인 소중한 엄마와, 7년동안 사귄 멋진 남자친구가 있어 버틸만 해! 오늘은 내 29번째 생일이야. 평소같은 나날을 보내다 내 반지하 고시원에 들어간 순간 ‘어머나!’ 깜짝 놀랬어. 내 이야기를 한번 들어 보겠니..?"|
"경기|안양시|셜록홈즈 뉴안양점|중고로운 평화나라|http://sherlock-holmes.co.kr/|3|60|TRUE|다가오는 여자친구와의 기념일. 여자친구에게 명품백을 선물해주고 싶지만 너무 높은 가격에 좌절하게 되는 한남자.. 결국 그가 찾게 된 것은 중고거래 사이트에서 발견한 감쪽같은 명품가방! 이 이야기의 끝은 어떻게 될 것인지!"|
"경기|안양시|마스터키 안양점|데자뷰|http://www.master-key.co.kr/home|3|60|TRUE|5년전 폭탄테러로부터 수많은 생명을 구하고 나는 영웅이 되었다.<br>그런데 언제부터인가 시작된 반복되는 꿈..<br>그 꿈이 의미하는건 과연 무엇일까"|
"경기|안양시|마스터키 안양점|운수 좋은 날|http://www.master-key.co.kr/home|3|60|TRUE|언제나 나를 따라다니는 지긋지긋한 가난..<br>운도 지지리도 없어서 되는일이 하나도 없다.<br>나에게 행운이라는게 한번이라도 왔으면.."|
"경기|안양시|마스터키 안양점|우주대미남|http://www.master-key.co.kr/home|3|60|TRUE|매일매일 못생기게 살아온<br>이 인생에 이젠 지쳤다.<br><br>외모지상주의가 가득한 이 세상<br><br>왜 나는 못생겼을까!!<br>왜 나는 이렇게 태어났을까!!<br>나도 잘생기고 싶다!!!!<br><br>하늘을 향해 소리치던 순간<br>마른 하늘에 날벼락이 떨어지고<br>순간 나는 정신을 잃었다."|
"경기|안양시|마스터키 안양점|사랑과 전쟁|http://www.master-key.co.kr/home|5|60|TRUE|2020년,<br>사회적 이슈로 떠오른 데이트 폭력과 이혼문제 그리고 다툼과 이별<br>마침내 사랑과 전쟁 특별법이라는 새로운 법이 개정된다.<br>그리고 나는, 이런 말도 안되는 법의 전문 변호사 유일한!<br>오늘도 사건을 향해 달린다'"|
"경기|안양시|마스터키 안양점|레드럼|http://www.master-key.co.kr/home|4|60|TRUE|Rest<br>In<br>Pain<br><br>from.REDRUM"|
"인천|기타|둠이스케이프 1호점|기담정|http://doomescape.com/web/home.php?go=Bmenu_01#theme5|5|70|TRUE|당신은 어머니 기일을 맞아 고향집으로 향했다. <br>하나뿐인 여동생을 오랜만에 만나 반가운 마음에 술을 마시며 이런저런 이야기를 나누는데, <br>한참술을 마시다 잠시 한눈 판 사이 술에 취한 동생이 말도 없이 집을 나간것을 발견했다. <br>밖으로 나간 당신은 멀리 비틀거리며 도로 한가운데까지 걸어간 동생의 모습과 차가그녀를 향해 <br>달려오는 모습을 보고 위급한 상황에 앞뒤 가릴 새 없이 무작정 도로로 뛰어들었다. <br>순식간에 자동차의 불빛과 경적소리가 당신을 덮치고... <br><br>새까만 정적이 흐르다 곧 눈을 떠보니 당신은 따듯한 위화감이 도는 낮선 숲에서 깨어나게 된다. <br>하지만 당신이 왜 여기 있는지, 그리고 당신 누군지 조차 아무 기억 나지않고, <br>멀리 눈앞에 나타난 낯익은 여자가 작은 식당으로 들어가자 당신은 홀린듯 <br>그녀를 따라 식당에 발을 들이게 되는데..."|
"인천|기타|둠이스케이프 1호점|대저택의 비밀|http://doomescape.com/web/home.php?go=Bmenu_01#theme5|3|60|TRUE|어릴 적 당신의 부모님은 원인모를 사고로 행방불명 되고 만다. 사라진 부모님의 재산과 <br>대저택의 소유권은 모두 큰형이 가져가게 되고, 형을 제외한 당신과 다른 형제들은 대저 <br>택에서 쫓겨나게 되어 오랫동안 밖에서 어렵게 살게 된다. 그러던 어느 날 짐을 정리하 <br>던 중 부모님이 사라지기 전 함께 찍었던 가족사진을 발견하게 된다. 사진을 보던 중 이 <br>상한 점을 발견하고, 의심을 품은 당신은 형제들과 함께 다시 대저택으로 돌아 가게 된 <br>다."|
"인천|기타|둠이스케이프 1호점|THE TERROR|http://doomescape.com/web/home.php?go=Bmenu_01#theme5|4|60|TRUE|당신은 IS를 소탕하는 임무를 수행 중인 대한민국 특수부대707의 일원이다. 임무수행 <br>중에 부대원 한 명이 IS에게 납치됐다. IS는 한국 정부와 707부대에게 우리가 하는 모든 <br>일에 더 이상 관여하지 말고, 납치한 부대원을 찾고 싶으면 돈을 보내라며 엄청난 금액의 <br>몸값을 요구한다. 그리고 그들은 한국 정부가 이 요구대로 하지 않으면 부대원(팀장)과 <br>함께 수많은 인파가 밀집돼있는 서울 한복판 어딘가를 폭파시키겠다고 협박한다. 한국 <br>정부와 707부대가 해결책을 못 찾으며 시간만 흐르던 어느 날, 신원 미상의 인물로부터 <br>납치된 부대원의 위치를 알 수 있는 정보를 얻게 된다. 당신은 정보를 토대로 납치된 부 <br>대원을 구하기 위해 서울 한 빌딩 지하 피트 실로 향하게 된다. 지하 피트실에 들어가려 <br>던 순간 갑자기 안개가 자욱해지면서, 모든 부대원들은 깊은 잠에 빠지게 되고, 시간이 <br>흐른 후 깨어나 보니 당신과 팀원들은 모두 무장해제되어 있다. 주변에선 비명소리와 함 <br>께 시한폭탄에 소리가 들리기 시작하는데..."|
"인천|기타|둠이스케이프 1호점|Rendering|http://doomescape.com/web/home.php?go=Bmenu_01#theme5|5|65|TRUE|먼 미래 2037년, 당신은 프로파일러 ""이혁""입니다. <br>당신은 DTH의 신입사원!! DTH는 게임회사에서 시작되어서 현재는 각종 범죄사건 및 미제사건을 높은 기술로 해결해주는 회사입니다. <br><br>평소 정의감의 넘치는 당신은 자신의 낮은 직급으로 인한 높은 등급의 사건을 수사를 하지 못하였는데 <br>그러던중 우연찮게 선배인 안승재의 사원증을 손에 넣게 되고 당신은 곧바로 렌더링실로 향하게 되는데..."|
"인천|기타|넥스트에디션 부평점|THISMAN|https://www.nextedition.co.kr/shops/NextEdition%20Bupyung|5|65|TRUE|나는THISMAN입니다."|
"인천|기타|넥스트에디션 부평점|SHIT|https://www.nextedition.co.kr/shops/NextEdition%20Bupyung|3|60|TRUE|정체모를 소리와 함께 시작된 고통스러운 상황. <br>범인은 이 방 안에 나와 함께 있다!"|
"인천|기타|넥스트에디션 부평점|소울리스|https://www.nextedition.co.kr/shops/NextEdition%20Bupyung|3|60|TRUE|""너는 너무 영혼이 없어"" <br><br>친구들에게 매일 듣는 말, <br>나는 지금 내 모습 이대로 괜찮은 걸까?"|
"강원|강릉|셜록홈즈 강릉점|도둑들|http://sherlock-holmes.co.kr/|3|60|TRUE|유명화가의 희귀품만전시해서 그 가치가 높은 크라임 미술관, 이곳은 보안으로도 유명해 한번도 도둑맞은 적이 없다. 당신은 이곳을 털기위해 천재해커 빌리와 손을 잡게 되고 빌리가 한시간동안 경비 시스템을 마비 시킬 수 있다는데..자 주어진 시간은 한시간! 미술관을 털어라!"|
"강원|원주|플레이 이스케이프 원주점|귀곡산장|http://www.playescape.co.kr/|3|60|TRUE|등산 중 길을 잃게 되고 희미한 빛을 쫓아 허름한 산장에 들어가게 되었는데... 쾅 소리와 함께 문이 닫힌 후 열리지 않는다. 이 산장을 무사히 출해 구조 헬기를 탑승 해야 해!"|
"강원|원주|플레이 이스케이프 원주점|007 다이아몬드|http://www.playescape.co.kr/|3|60|TRUE|전 세계 하나뿐인 다이아몬드 이송작전 중 비밀 조직 007에게 탈취 당했어! 지금 비밀기지에 잠입은 성공했으니 다음 숨겨진 방을 찾아 다이아몬드를 되찾아오도록!"|
"강원|원주|플레이 이스케이프 원주점|금잔화|http://www.playescape.co.kr/|4|60|TRUE|사랑하는 나의 아이에게... [가이드가 적은 하드모드를 별도로 운영중입니다. 하드모드를 원하시는 분은 최소 2시간 전 매장으로 연락주시거나, 예약 시 예약자명애 (오리지널)이나 (하드)를 붙여주세요."|
"강원|원주|플레이 이스케이프 원주점|검은 그림자|http://www.playescape.co.kr/|3|60|TRUE|하루일과를 마치고 집에 들어오니 느껴지는 낯선 목소리와 인기척.... 경찰을 불렀지만 도난품이 없다며 돌아가고 혼자 남은 나는 집안을 천천히 둘러본다."|
"강원|춘천|이스케이프존|제이콥|http://cc-escapezone.co.kr/|5|60|TRUE|당신은 제이콥의 파트너가 될 자격이 있는가?"|
"강원|춘천|이스케이프존|바라보다|http://cc-escapezone.co.kr/|4|60|TRUE|당신은 사랑하는 사람이 어떤 모습이든 그대로 사랑할 수 있나요?"|
"강원|춘천|이스케이프존|방민정음|http://cc-escapezone.co.kr/|3|60|TRUE|한글을 잘 다루는 당신 그런 당신을 위해 준비한 한글 장난 시간 <br>방민정음으로 초대합니다."|
"강원|춘천|이스케이프존|프리즈너스|http://cc-escapezone.co.kr/|4|60|TRUE|어젯밤, 마약 밀매로 덜미를 잡힌 당신은 구치소에 수감된다. 1시간 후 러시아 마피아와 큰 거래를 앞둔 당신, 부패 경찰을 돈으로 매수하여 구치소를 탈출 하기로 계획한다. 매수당한 경찰은 당신이 무사히 나올 수 있도록 경찰들을 회식자리에 불러모으고 자리를 비우게 되는데… 주어진 시간, 단 1시간! 당신은 무사히 나올 수 있을까?"|
"강원|춘천|더코드 춘천점|세기의 명화를 훔치는 도둑들|http://thecode03.kr/|4|60|TRUE|한 달 전 "" X ""에게 의뢰가 들어왔다. 진짜 모나리자가 숨겨져 있는 곳을 알아냈다고.. 프랑스 루브르 박물관에 전시되어 있는 명화 모나리자는 진품이 아니었다. <br>숲속 깊숙한 곳 수집가의 저택에 숨겨진 모나리자를 찾아내고 경찰이 오기전까지 경찰이 오기전까지 이 방을 벗어나야 한다."|
"강원|춘천|더코드 춘천점|다시 시작된 살인사건|http://thecode03.kr/|5|60|TRUE|코를 찌르는 나프탈렌 냄새와 구역질 나는 악취에 못 이겨 잠에서 깨어났다. <br>나는 여기 왜? 이곳은 도대체 어디?! 정신을 차리고 보니.. <br>손목에는 수갑이 채워져 있고 출구로 보이는 문은 굳게 닫혀 있다."|
"강원|춘천|더코드 춘천점|냉동창고 : 살인사건 # 2|http://thecode03.kr/|2|60|TRUE|희대의 연쇄살인마 덱스터..계속 되는 그의 살인 행각에 미국 전역은 공포로 휩싸이고...그를 검거 하기 위해 FBI는 특수전담반을 편성한다. <br>그러던 어느 날 익명의 제보자의 전화로 그의 은신처를 파악하게 되고 FBI 특수전담반이 그를 검거 하기 위해 출동한다."|
"강원|춘천|더코드 춘천점|의문의 동창회|http://thecode03.kr/|4|60|TRUE|내 기억으로는 3주전쯤 이었던거 같다… 반복되는 똑같은 일상속에 지쳐있던 그때.. 평소 아무렇지 않게 보던 메일함에서 그 초대장을 보게 되었다. <br>""청수중학교 동창회에 초대합니다""청수중학교 친구 여러분 안녕하십니까? 오랜만에 만나니까 말 놓기도 어색하고, 존댓말은 더 어색하고 그렇네요. <br>그래도 우리 중학교 시절이 가장..."|
"강원|강릉|셜록홈즈 강릉점|마법사의 세계|http://sherlock-holmes.co.kr/|3|60|TRUE|6대 현자들의 제자였던 당신은 마을의 여자들을 납치해 돌로 만들어 버린다는 암흑 마법사의 소식을 듣게 된다. 암흑 마법사의 처단을 위해 6명의 스승님들이 여행을 떠나지만 이내 소식이 끊어져 버리고 만다. 당신은 스승님들의 복수를 위해 암흑 마법사를 찾아 나서고 암흑 마법사의 연구실을 발견하게 되는데. 암흑마법사의 계획을 저지하고 스승님들의 복수를 해야한다!!"|
"강원|강릉|셜록홈즈 강릉점|무속인 살인사건|http://sherlock-holmes.co.kr/|4|60|TRUE|TV에 출연할 정도로 유명한 무속인 이 어느 날 싸늘한 시체로 발견? 피해자는 TV에 출연하여 화려한 달변과 점술로 유명해진 박수무당으로, 어느 날 자신의 점집에서 잘린 머리가 불에 탄 채 단골 고객에게 발견되었다. 과연 어떠한 연유로 박무당 은 죽음을 맞이해야 했는가? 빛나는 추리로 진실을 파헤쳐 보자."|
"충남|천안|셜록홈즈 천안1호점|이상한 나라의 초대|http://sherlock-holmes.co.kr/|3|60|TRUE|이상한 나라의 파티에 초대되다... 괴이한 토끼를 통해 하얀 여왕의 전보를 받고... 이제 이상한 나라로의 여행이 시작되었다. 하얀 여왕에게 가는 길에 맞이한 붉은 여왕의 카드병정 군대. 당신은 방해를 물리치고 무사히 집으로 돌아갈 수 있을까?"|
"충남|천안|셜록홈즈 천안1호점|호텔:사라진 다이아몬드|http://sherlock-holmes.co.kr/|4|60|TRUE|설록호텔의 귀중품 대형 다이아몬드 ‘가이아의축복’이 사라졌다. 호텔내부 사람 말고는 출입을 못하는 곳인데.. 과연, 누가 이곳에서 범행을 저질렀을까? 당신은 설록호텔의 귀중품 대형다이아몬드를 훔친 범인을 한시간 안에 찾아내야한다."|
"충남|천안|셜록홈즈 천안1호점|마법사의 세계|http://sherlock-holmes.co.kr/|3|60|TRUE|6대 현자들의 제자였던 당신은 마을의 여자들을 납치해 돌로 만들어 버린다는 암흑 마법사의 소식을 듣게 된다. 암흑 마법사의 처단을 위해 6명의 스승님들이 여행을 떠나지만 이내 소식이 끊어져 버리고 만다. 당신은 스승님들의 복수를 위해 암흑 마법사를 찾아 나서고 암흑 마법사의 연구실을 발견하게 되는데. 암흑마법사의 계획을 저지하고 스승님들의 복수를 해야한다!"|
"충남|천안|셜록홈즈 천안2호점|[프리미엄 테마]미즈몰리아와 수수께끼의 책|http://sherlock-holmes.co.kr/|3|60|TRUE|무슨 책을 찾고있니 꼬마야.유쾌한책 유익한책. 감동적이거나 슬픈책. 그게 아니면 ...수수께끼의 책을 찾고있니?"|
"충남|천안|셜록홈즈 천안2호점|던전:비밀의문|http://sherlock-holmes.co.kr/|4|60|TRUE|여러분은 판타지 세상의 용사입니다. 어느 마을에서 여러분에게 편지를 보냈습니다. [마을에 문제가 생겼어요. 도와주세요!]"|
"충남|천안|마스터키 천안신부점|라퓨타|http://www.master-key.co.kr/|4|60|TRUE|라퓨타라는 하늘섬에서 태어나 누구도 만나지 못하고 지내던 나. 천년에 한번. 라퓨타는 땅으로 향한다. 그리고 오늘이 바로 라퓨타가 땅에 발을 딛는 날이다!"|
"충남|천안|마스터키 천안신부점|하루살이|http://www.master-key.co.kr/|5|60|TRUE|나에게 도착한 단 ""한통""의 편지 나의 마지막 임무를 지금 수행합니다."|
"충남|천안|마스터키 천안신부점|터널|http://www.master-key.co.kr/|3|60|TRUE|안전진단을 위해 터널에 들어간 당신<br>그러나 갑작스러운 굉음 이후에<br>눈앞에 펼쳐진 처참한 광경...."|
"충남|천안|마스터키 천안두정점|화이트룸-클래식|http://www.master-key.co.kr/|5|60|TRUE|눈을 떠보니.. 낯선곳이다.<br>""난 누구지? 왜 여기 있는거지?""<br>순간 불이 켜지면서 의문의 사람이 스크린에 보여진다.<br>이곳을 탈출하게 도와준다고 하는데 믿음이 가지 않는다.<br>하지만 방법이 없다.<br>실루엣과 함께 이 하얀방을 탈출하자!"|
"충남|천안|마스터키 천안두정점|경찰서를 털어라|http://www.master-key.co.kr/|3|60|TRUE|2년전, 이름을 날리던 전문 털이범인 당신은 <br>마침내 최고의 보석을 손에 넣었다.<br><br>하지만 수사망을 피하기 위해 보석을 공사중인 건물에 숨기게 되고<br><br>눈을 피해 은둔 생활을 하던 2년의 시간,<br>숨겨 놓은 보석을 회수하기위해 같은 장소로 달려갔으나, <br>건축중이던 건물이 시경찰국이 되어있었다!!<br>과연 당신은 그 보석을 다시 손에 넣을 수 있을 것인가! ??"|
"충남|천안|마스터키 천안두정점|13고스트|http://www.master-key.co.kr/|4|60|TRUE|갑작스럽게 돌아가신 먼 숙부에게 유산으로 물려받은 저택에 도착한 당신...<br>그러나 이 집에는 섬뜩한 비밀이 존재했다.<br><br>12명의 원혼, 그리고 그들이 얽혀있는 음모.<br>13번째 희생자가 되기 전에 음모를 막고 이 저택을 탈출하라!"|
"충남|천안|ESC 천안점|PROJECT - Z2|http://www.caesc.co.kr/esc/main/main.php|5|60|TRUE|5년 전, 사람의 신경계를 감염시키는 바이러스 Z가 발견되었다.<br><br>SVR 연구소에서 Z바이러스를 연구하던 중, 치명적이고 전염성이 강한좀비 바이러스로 변종을 일으킨다.<br><br>순식간에 퍼져나간 바이러스 , 살아남은 이들은 연맹을 구성한다.<br><br>연맹 최고 요원으로 발탁된 당신은 백신 개발을 위해 연구소에 보관되어 있는 초기 바이러스 샘플을 구해 와야 한다.<br><br>주어진 시간은 단 1시간. 지금 인류의 생존을 향한 마지막 미션이 시작된다."|
"충남|천안|ESC 천안점|ESCAPE PLAN2|http://www.caesc.co.kr/esc/main/main.php|5|60|TRUE|중세 아서왕 시절부터 이어져온 12명의 요원과 수장으로 이루어진 KRT(국제비밀정보기구).<br>이들은 세계 각지에서 첩보 및 암살 등 비밀 업무를 수행한다.<br>어느 날 KRT 요원 중 한 명인 '갤러헤드'는 임무를 수행하던 도중 신분이 노출되어 감옥에 갇히고 처형 위기에 놓여졌다.<br>이에 KRT 팀은 ‘갤러헤드’ 요원을 구출시키기 위해 팀을 파견했고 신호교란 장치를 이용해 감옥 잠입에 성공했다.<br>하지만 신호교란 장치의 유지시간은 단 한 시간 뿐!<br>보안을 뚫고 ‘갤러헤드 요원’과 함께 탈출하라!"|
"대전|기타|마스터키 궁동직영점|화이트룸|http://www.master-key.co.kr|5|60|TRUE|눈을 떠보니.. 낯선곳이다.<br>""난 누구지? 왜 여기 있는거지?""<br>순간 불이 켜지면서 의문의 사람이 스크린에 보여진다.<br>이곳을 탈출하게 도와준다고 하는데 믿음이 가지 않는다.<br>하지만 방법이 없다.<br>실루엣과 함께 이 하얀방을 탈출하자!"|
"대전|기타|마스터키 궁동직영점|블랙룸|http://www.master-key.co.kr|6|60|TRUE|Black Room. 어쩌면 이 방은 이 세상에 존재하면 안 되는 방이었는지도 모른다"|
"대전|기타|마스터키 궁동직영점|MSI 미제사건 전담반|http://www.master-key.co.kr|4|60|TRUE|우리가 해결하지 못하는 사건은 없지. 이번엔 어떤 사건이 날 기다리고 있을까? 오늘도 미해결 사건이 나를 기다린다! 출동! MSI 미제사건 전담반!"|
"대전|기타|브레인게임존 카이스트본점|성스러운 초대|http://www.braingamezone.com/|6|60|TRUE|마지막 회의 연재를 앞두고 어느날 갑자기 사라진 인기 절정의 야설작가. 그리고 일년뒤 그녀로부터 초대장이 도착한다. 그녀의 챈인 당신은 강한 호기심을 느끼며 그 초대에 응한다."|
"대전|기타|브레인게임존 카이스트본점|미스틱 스톤|http://www.braingamezone.com/|5|60|TRUE|20여년 전, 지하 100미터의 연구소에서 진행된 극비 프로젝트. 괴한들로부터 기밀 사항을 지키기 위해 연구소 폐쇄가 결정되었는데.. 서둘러서 연구 자료를 폐기하고, 연구소를 폐쇄하라!"|
"대전|기타|셜록홈즈 대전 신세계백화점|무한의 던전|http://sherlock-holmes.co.kr/|2|20|TRUE|주어진 시간은 20분. 탈출하는것이 목표입니다."|
"대전|기타|셜록홈즈 대전 신세계백화점|세번째 밤|http://sherlock-holmes.co.kr/|4|60|TRUE|압박감. 긴장감. 계속해서 반복되는 악몽에 나는 매일 밤 잠을 이루지 못한다. 그리고 오늘 꿈에 새로운 메세지가 나타나는데..."|
"대전|기타|셜록홈즈 대전 신세계백화점|지브리트의 심장|http://sherlock-holmes.co.kr/|3|60|TRUE|[플리퍼 시티 에피소드 01] 잊혀진 이야기 속에 전해지는 순수 에너지의 결정체 ""지프리트의 심장""을 찾기 위해 플리퍼 시티를 헤매던 일행. 마을 외곽의 한 골동품 점에서 가고자 하는 곳의 좌표를 알려준다는 검은 주사위를 얻는다. 검은 주사위가 만들어 준 좌표를 통해 도착한 곳은 알 수 없는 낡은 기관실. 그곳의 수수께끼를 풀고 지프리트의 심장을 찾아낼 수 있을까"|
"대전|기타|룸즈에이 대전은행점|낭랑카페|http://roomsa.co.kr|3|60|TRUE|낭랑 카페는 오랫동안 존재해 왔습니다. 즐거운 방랑 이라는 뜻을 가진 낭랑 카페는 여러분이 아주 깊은 고민을 하며 걷거나 사색에 잠겨 걷거나 그것도 아니라면 정말 아무런 생각없이 멍하니 걸을 때 여러분 앞에 나타납니다. 믿거나 말거나 나폴레옹이나 베토벤도 저희 낭랑 카페를 방문한 적이 있습니다. 그들이 어떤 고민을 안고 낭랑 카페의 문을 열었을지는 아무도 모르는 일입니다. 낭랑카페에는 종업원이 없습니다. 하지만 여러분은 종업원이 없이도 최고의 음료수를 맛볼 수 있죠. 자, 이 수수께끼로 가득한 낭랑카페를 이용해 보시겠어요? 아니면 그냥 지나치시겠습니까?"|
"대전|기타|룸즈에이 대전은행점|기억술사|http://roomsa.co.kr|4|60|TRUE|도시전설의 하나로 알려진 기억술사. 사람들이 가진 나쁜 기억을 지워준다는 기억술사는 생김새, 만날 수 있는 장소, 기억을 지우는 방법에 대해 정확히 알려진 것 없이 소문만 무성하다. 누구나 만나고 싶어하지만 쉽게 찾을 수 없는 그, 혹은 그녀의 정체는 무엇일까?"|
"대전|기타|룸즈에이 대전은행점|히어로 아카데미|http://roomsa.co.kr|4|60|TRUE|어릴 적부터 나는 영화에서 나오는 슈퍼맨, 배트맨, 스파이더맨과 같은 영웅들이 어디엔가는 존재한다고 믿고, 그들을 동경해왔다. 나이가 들어서도 히어로를 꿈꾸는 나를 주변에서는 비웃었지만, 진정한 히어로는 그런 것 따위는 가볍게 무시할 수 있는 것이다. 그래서 나는 결심했다. 진짜 히어로가 되어 보이겠다고. 나는 히어로 아카데미를 졸업하고 히어로가 될 수 있을까?"|
"대전|기타|룸즈에이 대전은행점|안개꽃|http://roomsa.co.kr|4|60|TRUE|화가인 그가 내게서 떠나간지 어느덧 한 달, 나는 여전히 그와의 시간 속에 머물러 있다. 그리움과 원망을 가득 안고 골목길을 걷던 어느 날, 밤공기를 들이마시며 한 걸음씩 내딛던 나는 작은 골목길과는 어울리지 않는 전시관을 보게 되었다. 처음 보는 전시관이었지만 어디선가 그의 향기가 흘러나오는 듯 했고, 그 추억 속의 향기에 이끌려 전시회장 안으로 들어서게 되었다."|
"대전|기타|더큐 이스케이프 대전점|스페이스 워페어|http://www.the-qescapedj.co.kr/|4|60|TRUE|지구의 자원고갈로 새로운 식민행성 탐사에 나선 우주개척선.<br>승무원인 당신은 인공 동면에서 갑자기 깨버리게 된다.<br>심상치 않은 우주선 내부 분위기에 홀로 깨어난 당신. 도대체 무슨 일이 일어나고 있는 것일까?"|
"대전|기타|더큐 이스케이프 대전점|로스트 원더랜드|http://www.the-qescapedj.co.kr/|3|60|TRUE|여동생과 함께 놀이동산에 온 당신. 잠깐 한 눈 판 사이 여동생이 사라져버렸다.<br>폐장시간이 다 되도록 보이지 않는 여동생...<br>점차 하나 둘 사람들이 사라져가고 어느순간 놀이동산에 혼자 남게 됬다.<br>여동생의 흔적을 찾아 헤매는데..."|
"대전|기타|더큐 이스케이프 대전점|셜록홈즈의 성배탐색|http://www.the-qescapedj.co.kr/|5|60|TRUE|당신이 사는 베이커가 221b에 의문의 편지 한 통이 도착했다. 웨스터민스터 지하 묘지에 잃어버린 보물이 숨겨져 있다는 것. 호기심이 생긴 당신은 왓슨과 함께 보물을 찾으러 지하묘지에 들어가게 되는데..."|
"대전|기타|룸즈에이 대전둔산점|고스트 프로토콜|http://roomsa.co.kr|4|60|TRUE|------------------------긴급 지령---------------------- 북파 공작원 K! 미국 특수 요원 M과 접선 후 풍계리 핵 실험장 내에 설치된 한국, 미국, 일본을 겨냥한 핵탄두 미사일 해체 및 풍계리 실험장을 파괴 하라. ------------------------------------------------------- 북한의 체제는 완전히 붕괴되었다.. 그들의 마지막 남은 핵!! 어떠한 협상도 없다. 남은 건 풍계리 핵 실험장 완전 파괴. 여느 스릴러 못지않은 속도감 있는 전개. 심장을 쪼이는 긴박함. 한 시간 안에 폭탄을 설치하고 탈출 하라!"|
"대전|기타|룸즈에이 대전둔산점|시크릿 에이전트|http://roomsa.co.kr|4|60|TRUE|카디프에 위치해 있는 비밀안가. 양복점으로 운영 중이던 이곳이 적대 세력에 의해 공격 당하고 이곳을 관리하던 관리인 Merlin은 혼수 상태에 빠져버린다. 이 곳 어딘가에 일급 기밀 CD를 보관하는 장소가 있지만, 유일하게 비밀장소를 알고 있던 Merlin이 의식이 없기 때문에 요원들을 파견 하게 되는데... 일급 문서가 있는 CD를 찾아 사수하라!"|
"대전|기타|룸즈에이 대전둔산점|뜻밖의 여행|http://roomsa.co.kr|3|60|TRUE|누구나 살면서 이루고 싶은 버킷리스트에 여행이 빠지지 않는다. 아버지와의 관계가 소원해지기 전부터, 나 역시 세계 여행을 꿈꾸고 있었다. 그런데, 내가 꾸던 여행의 꿈이 이렇게 갑자기 시작될 줄은 몰랐다."|
"충북|청주시|셜록홈즈 청주점|반고흐의 방|http://sherlock-holmes.co.kr/|3|60|TRUE|시간여행자인 당신. 우연히 반 고흐의 마지막날로 여행하게 되었다. 자살을 앞둔 고흐와, 관련된 비밀들. 이 모든 것을 풀어 고흐를 자살로 부터 구하지 못한 다면 영영 시간의 늪에 빠질것이다. 자 이제 당신에게 타이머가 주어졌다."|
"충북|청주시|셜록홈즈 청주점|크라임씬|http://sherlock-holmes.co.kr/|3|60|TRUE|한 가정에서 일어난 끔찍한 살인사건.. 엄마와 막내딸은 실종이 되었고 다른 가족들은 처참히 살해된 현장만이 남아있다. 이런 끔찍한 일을 벌인사람이 누구인지 이 사건의 수사를 맡게된 나는 과연 범인을 찾아낼 수 있을것인가"|
"충북|청주시|셜록홈즈 청주점|빛과 그림자 : 화이트의 죽음2|http://sherlock-holmes.co.kr/|3|60|TRUE|옐로우는 감옥에 가고, 사건은 영원히 종결된 것만 같았다. 이미 30대 때 세계적인 작가가 된 화이트, 그의 옆에는 그림자와 같은 존재인 블랙이 있었다. 그는 일평생을 천재작가의 그늘에서 사는데.. 전세계 독자들을 슬프게 만든 화이트의 죽음, 그 뒤로 언젠가부터 블랙의 소식도 사라지게 되고. 블랙은 금세 사람들의 기억에서 지워져 버렸지만 당신은 왠지 이 사건이 화이트의 죽음과 무관하지 않을 거란 생각이 들어, 화이트의 방을 다시 조사하기 시작한다."|
"충북|청주시|셜록홈즈 청주점|무속인 살인사건|http://sherlock-holmes.co.kr/|4|60|TRUE|TV에 출연할 정도로 유명한 무속인 이 어느 날 싸늘한 시체로 발견? 피해자는 TV에 출연하여 화려한 달변과 점술로 유명해진 박수무당으로, 어느 날 자신의 점집에서 잘린 머리가 불에 탄 채 단골 고객에게 발견되었다. 과연 어떠한 연유로 박무당 은 죽음을 맞이해야 했는가? 빛나는 추리로 진실을 파헤쳐 보자."|
"충북|청주시|다락방 방탈출 카페|야수의 성 : 벨의 이야기|http://www.darockescape.com/|3|60|TRUE|벨'은 갇힌 성에서 탈출 할 수있을까?<br>벨은 장미를 꺾은 죄로 야수에게 잡혀있던 아버지를 대신해 성에 갇힌다!<br>말하는 주전자와 말하는 시계, 성 안의 모든 이들이 신비롭고 이상한 이 곳에서<br><br>그녀는 오늘 밤 성을 탈출하기로 결심한다!"|
"충북|청주시|다락방 방탈출 카페|해리포터와 마법학교|http://www.darockescape.com/|3|60|TRUE|해리포터 와 마법학교 '맨드레이크의 비약'<br>내일은 1년간의 학업을 마무리하는 기숙사의 점수가 발표도되는 날!<br>현재 그리핀도르와 슬리데린이 점수는 10점차. 마지막 쿠디치 우승컵에는<br>10점이 걸려있으니 올해 단독우승은 무리겠군..<br>하지만 쿠치 경기만이라도 꼭 이겨서 6년 연속 우승을 이루어야해!<br>그런데 비열한 슬리데린 녀석들이 단독 우승을 하기 위해 우리의<br>파수꾼 론 위즐리에게 못돈 장난을 쳐서 인형으로 만들어버렸다!<br>내일 아침까지 론을 되돌려놓지 않으면 슬리데린이 우승을 하게 돼...!!<br><br>우리는 론을 원래대로 되돌리기 위해 몰래 기숙사를 나서는데..."|
"충북|청주시|다락방 방탈출 카페|환생병원 CORD R|http://www.darockescape.com/|3|60|TRUE|핏자국이 찍혀있는 낡은 폐병원에서 당신은?!<br>“으윽... 여기가 어디지? 환생...병원?""<br>여기저기 핏자국이 찍혀있는 낡은 폐병원에 갇힌 당신!<br>도대체 누가 당신을 여기에 가두었을까...?<br><br>그리고, 그 사람의 목적은 과연 무엇일까?"|
"충북|청주시|다락방 방탈출 카페|HOTEL 기억조각|http://www.darockescape.com/|4|60|TRUE|잠겨있는 방 문 아래로 새빨간 피가?!<br>눈을 떠보니 이곳은 낯선 호텔 방 안..<br>잠겨있는 방 문 아래로 새빨간 피가 흘러나오고 있다!<br>아.. 그러고 보니 며칠 전 뉴스에서 잔혹한 범죄를<br>저지른 살인범이 도주 중이라고 보도됐었는데..<br><br>나.. 여기서 어떻게 도망치지...?"|
"충북|청주시|루팡방탈출카페 본점|기억 조작소|http://lupinescape.com/|4|60|TRUE|""좋은 기억만 가지고 살기에도 부족한 세상 하지만, 그럴 수 없는게 현실. 기억조작소는 여러분의 나쁜기억을 지우고 좋은 기억으로 바꿔드립니다.""<br>서영이의 엄마에게서 의뢰가 들어온다.<br>드디어 첫 의뢰!!!!<br>15살 소녀 서영이에게는 무슨 일이 있었던걸까...."|
"충북|청주시|루팡방탈출카페 본점|이중간첩 리철준|http://lupinescape.com/|4|60|TRUE|노란 장판, 헤진 이불, 함지에 떨어지는 물방울 소리.<br>여기는 구안동 달동네.<br>평범한 가정집에 평범하지 않은 남자 리철준.<br>그는 조선인민주의공화국 특수요원이자 대한민국 국정원 요원.<br>컴퓨터 화면에 뜬 두 개의 지령.<br>그의 이중적 하루가 시작된다."|
"충북|청주시|마스터키 청주점|이상한 나라|http://www.master-key.co.kr/home|3|60|TRUE|나는 한 때 무수히 많은 판타지소설을 만들어냈던 전설의 작가다<br>그런데 지금은.. 더 이상 새로운 아이디어가 떠오르지 않는다<br>너무나 단조로운 일상만 반복됐던 탓일까?<br>그 때, 내 눈 앞에 말도 안되는 세계가 펼쳐졌다"|
"충북|청주시|마스터키 청주점|방과후 13교시|http://www.master-key.co.kr/home|3|60|TRUE|방과후에는 절대로<br>학교에 가면안돼...."|
"부산|기타|룸즈에이 부산서면점|프레임 하이커|http://roomsa.co.kr/new_main.asp?R_JIJEM=S6|5|60|TRUE|소파에 앉아 세계 곳곳의 사진이 담긴 액자를 감상하는 취미를 가진 나는 벽난로에서 타는 불을 바라보고 있다가 깜박 잠이 들곤 했다. 그렇게 잠이 들면 방에 걸린 수많은 액자들과 관련된 기묘한 꿈을 꾸었다. 여느 때와 다름없이 잠에 든 나는 문득, 이것이 정말 꿈인지 아닌지 혼동되기 시작했다."|
"부산|기타|룸즈에이 부산서면점|퍼펙트 플랜|http://roomsa.co.kr/new_main.asp?R_JIJEM=S6|5|60|TRUE|계획은 완벽했다. 익명의 의뢰에 따라 몇 개월간 시가지의 은행의 한 VIP 금고하나를 털 계획을 꾸며냈다. 그런데 범행을 얼마 앞두지 않은 어느 날, 갑작스런 의뢰인의 명령으로 팀에서 빠지게 되었다. 나는 그들의 계획을 가로채 성공적으로 이 일을 끝내고 손을 터는 것으로 복수를 하기로 했다."|
"부산|기타|룸즈에이 부산서면점|너와 나의 이야기|http://roomsa.co.kr/new_main.asp?R_JIJEM=S6|4|60|TRUE|너와 처음 만난 건, 달과 가장 가까운 골목길이었다. 박스 안에서 힘겹게 울음소리를 내던 네 모습을 아직 나는 기억한다. 이것은 너와의 처음부터 마지막까지를 다룬, 10년 동안의 이야기이다."|
"부산|기타|룸즈에이 부산서면점|아직 버리지못한 지갑|http://roomsa.co.kr/new_main.asp?R_JIJEM=S6|4|60|TRUE|내가 독립해서 산 후로, 이사하신 부모님의 집에 한번도 찾아가보지 못했다. 부모님의 갑작스러운 호출을 받고 주소를 찾아가 보았더니 잠깐 외출하셨는지 부모님은 계시지 않는다. 부모님이 돌아오실 때까지 추억이 담긴 부모님의 살림살이들을 하나씩 구경해보는데.."|
"부산|기타|룸즈에이 부산서면점|히어로 아카데미|http://roomsa.co.kr/new_main.asp?R_JIJEM=S6|4|60|TRUE|어릴 적부터 나는 영화에서 나오는 슈퍼맨, 배트맨, 스파이더맨과 같은 영웅들이 어디엔가는 존재한다고 믿고, 그들을 동경해왔다. 나이가 들어서도 히어로를 꿈꾸는 나를 주변에서는 비웃었지만, 진정한 히어로는 그런 것 따위는 가볍게 무시할 수 있는 것이다. 그래서 나는 결심했다. 진짜 히어로가 되어 보이겠다고. 나는 히어로 아카데미를 졸업하고 히어로가 될 수 있을까?"|
"부산|기타|룸즈에이 부산서면점|요정들의 술집|http://roomsa.co.kr/new_main.asp?R_JIJEM=S6|3|60|TRUE|할머니가 나보다도 어렸을 때, 우리 마을 숲 속에서의 모험을 전해들은 적이 있다. 술과 짓궂은 장난을 좋아하는 요정들이 동물들과 숲 속에서 함께 살고 있고, 그들만의 술집이 있다는 것. 그런데 가끔, 우리 할머니처럼 숲 속에서 길을 잃었다가 우연히 이 술집에 발견하는 경우가 있다. 해가 뉘엿뉘엿 지는 저녁, 숲속을 산책하다가 신비한 불빛에 이끌려 내가 이 오두막을 발견한 것처럼."|
"부산|기타|룸즈에이 부산남포점|제인하우스|http://roomsa.co.kr/new_main.asp?R_JIJEM=S5|4|60|TRUE|구인 전단지를 통해 어떤 예술가의 집을 관리하게 되었다. 수제 인형을 제작하는 꽤 유명한 사람인데, 어린 딸의 죽음을 겪어서인지 어딘가 어두운 분위기가 있다. 사건은 주인이 집을 비운 사이에 일어났다. 주인은 자기가 없는 동안은 외출을 하거나 퇴근하라고 했지만 귀찮았던 나는 그 말을 듣지 않았고, 그의 집에서 시간을 보내다 퇴근 시간이 되어 집을 나가려 하니 문이 열리지 않는다. 평소에는 신경쓰지 않았던 인형이 날 바라보고 있는 것만 같다."|
"부산|기타|룸즈에이 부산남포점|안개꽃|http://roomsa.co.kr/new_main.asp?R_JIJEM=S5|4|60|TRUE|화가인 그가 내게서 떠나간지 어느덧 한 달, 나는 여전히 그와의 시간 속에 머물러 있다. 그리움과 원망을 가득 안고 골목길을 걷던 어느 날, 밤공기를 들이마시며 한 걸음씩 내딛던 나는 작은 골목길과는 어울리지 않는 전시관을 보게 되었다. 처음 보는 전시관이었지만 어디선가 그의 향기가 흘러나오는 듯 했고, 그 추억 속의 향기에 이끌려 전시회장 안으로 들어서게 되었다."|
"부산|기타|룸즈에이 부산남포점|행방불냥 |http://roomsa.co.kr/new_main.asp?R_JIJEM=S5|3|60|TRUE|고양이 돌보미 동아리 ‘캣홀릭’의 일원으로서의 첫 의뢰를 받은 나. 의뢰인의 집안 곳곳에는 집주인이 고양이를 얼마나 좋아하는지 알 수 있는 물건들이 보인다. 한참을 고양이와 관련된 물건을 살펴보던 중 느낀 뭔가 이상한 점. 이 집에 정작 돌볼 고양이가 보이지 않는다. 고양이 돌보미 최대의 위기! 내가 돌봐야할 고양이가 사라졌다!!"|
"부산|기타|룸즈에이 부산남포점|Secret Agent|http://roomsa.co.kr/new_main.asp?R_JIJEM=S5|4|60|TRUE|카디프에 위치해 있는 비밀안가. 양복점으로 운영 중이던 이곳이 적대 세력에 의해 공격 당하고 이곳을 관리하던 관리인 Merlin은 혼수 상태에 빠져버린다. 이 곳 어딘가에 일급 기밀 CD를 보관하는 장소가 있지만, 유일하게 비밀장소를 알고 있던 Merlin이 의식이 없기 때문에 요원들을 파견 하게 되는데... 일급 문서가 있는 CD를 찾아 사수하라!"|
"부산|기타|룸즈에이 부산남포점|낭랑카페|http://roomsa.co.kr/new_main.asp?R_JIJEM=S5|3|60|TRUE|낭랑 카페는 오랫동안 존재해 왔습니다. 즐거운 방랑 이라는 뜻을 가진 낭랑 카페는 여러분이 아주 깊은 고민을 하며 걷거나 사색에 잠겨 걷거나 그것도 아니라면 정말 아무런 생각없이 멍하니 걸을 때 여러분 앞에 나타납니다. 믿거나 말거나 나폴레옹이나 베토벤도 저희 낭랑 카페를 방문한 적이 있습니다. 그들이 어떤 고민을 안고 낭랑 카페의 문을 열었을지는 아무도 모르는 일입니다. 낭랑카페에는 종업원이 없습니다. 하지만 여러분은 종업원이 없이도 최고의 음료수를 맛볼 수 있죠. 자, 이 수수께끼로 가득한 낭랑카페를 이용해 보시겠어요? 아니면 그냥 지나치시겠습니까?"|
"부산|기타|룸즈에이 부산남포점|초콜릿 팩토리|http://roomsa.co.kr/new_main.asp?R_JIJEM=S5|5|60|TRUE|초콜릿 폭포가 흐르고 있다는 환상적인 숲이 있는 초콜릿 공장, 그 곳에는 공장장 윌리왕카가 있다. 자신만의 레시피가 직원들로 인해 유출된다는 사실을 알고, 공장문과 그의 마음까지..모두 닫아버린지 어느덧 50년이 흘렀다. 하지만 오늘! 빅뉴스가 터졌다. 윌리왕카가 전 세계에 단 5개만의 골든티켓을 왕카바에 숨겨 골든티켓을 찾은 사람에게 초콜릿공장을 견학시켜 주겠다는 속보이다! 환상적인 초콜릿공장! 그 곳으로 가기위해선 골든티켓이 필요하다. 하지만 가난한 나는 왕카바 한 개 조차 구하기 어렵다.."|
"부산|기타|게임오브마인드 서면점|다크매직-어둠의 마법|https://blog.naver.com/gameofmind2|-|60|TRUE|판타지 소설 속 주인공이 되어 어둠의 마법을 물리쳐라! <br>위대한 마법학교는 어둠의 주문 때문에 점차 쇠약해지고 있다. 여러분의 지혜가 필요하다! 마법학교의 교장을 도와 의식을 펼쳐 마법학교를 어둠의 주문에서 해방시켜라! 어둠의 주문을 풀지 못하면 여러분도 어둠 속에 갇히고 만다!"|
"부산|기타|게임오브마인드 서면점|블랙매직-위험한 마법사|https://blog.naver.com/gameofmind2|-|60|TRUE|누명을 쓰고 감옥에 갇히게 된 여러분은 누명을 벗고 감옥에서 탈출에 성공해야 합니다. <br>자신을 위기에 빠트린 범인을 찾아 억울한 누명을 벗고, 이 곳을 탈출하세요!"|
"부산|기타|게임오브마인드 서면점|다빈치-생명의 서|https://blog.naver.com/gameofmind2|-|60|TRUE|타임머신을 타고 르네상스 시대로 돌아가자! <br>다빈치는 인생의 전반에 걸쳐 만물의 진리에 대해 연구했다. 마침내 그가 알아낸 모든 진리가 담겨있는 책, '생명의 서'! 하지만 이 책을 공개하기 전에 로마교황에게 발각되고 만다! 로마교황의 추적을 피해, '생명의 서'를 찾아라!"|
"부산|기타|게임오브마인드 서면점|카니발-미치광이 의사|https://blog.naver.com/gameofmind2|-|60|TRUE|미치광이 의사가 있는 병원을 탈출하라! <br>당신이 살고 있는 작은 동네의 병원에서 환자들이 사라진다는 흉흉한 소문이 들려온다. 저녁에 입원한 친구를 만나러 병원을 방문한 당신! 어디에도 친구의모습이 보지 않는다! 평범해 보이는 그 의사는 사실 독특한 취미가 있는데… <br>미치광이 의사를 피해 병원에서 탈출하라!"|
"부산|기타|마스터키 부산서면점|집으로|http://www.master-key.co.kr/booking/bk_detail?bid=19|3|60|TRUE|친구 집에 다녀오던 동생과 나 <br>그러나 갑자기 납치, 감금을 당하게 되고… <br><br>아빠 엄마 집에 가고 싶어요"|
"부산|기타|마스터키 부산서면점|칼퇴|http://www.master-key.co.kr/booking/bk_detail?bid=199|3|60|TRUE|매일매일 야근의 연속. <br>여자친구에게 온 카톡 “오빠 오늘 우리 부모님 여행가셨어” <br>그러나 퇴근을 하기 위해서는 과장님 부장님 사장님의 <br>도장을 받아야 하는데"|
"부산|기타|마스터키 부산서면점|세이프티룸|http://www.master-key.co.kr/booking/bk_detail?bid=19|5|65|TRUE|분명 내방에서 잠들었는데 깨어난 이곳은 어디지?"|
"부산|기타|마스터키 부산서면점|모모게임|http://www.master-key.co.kr/booking/bk_detail?bid=19|4|60|TRUE|XX야 이거 너만 알려주는거야 꼭 비밀로 해야해 <br>친구가 내 스마트폰에 깔아준 어떤 앱... <br>그리고 그날밤 친구에게 온 메세지 ""XX야 살려줘..무서워.."" <br><br>그리고 다음날 그친구는 자살한채로 발견되고..."|
"대구|기타|앨리스 이스케이프|아빠의 서재|http://www.alice-escape.com/|3|60|TRUE|유명 영화감독, 자상한 남편, 친구 같은 아빠. 그런 아빠의 서재엔 비밀이 있다. <br>부모님이 시사회에서 돌아오기까지 1시간, 오늘이야말로 서재의 비밀을 밝혀내고 말겠어."|
"대구|기타|방탈출브이 삼덕점|퍼니게임|http://www.v-escape.co.kr/|2|60|TRUE|외뢰인에게 납치된 김반장, 이번엔 장난이 아닌 것 같다. 게임에서 이기지 못하면 못하면 물고기밥이 된다. 이 사이코패스 새끼의 게임을 이기고 반드시 이곳을 탈출하자!"|
"대구|기타|방탈출브이 삼덕점|삼덕반점|http://www.v-escape.co.kr/|2.5|60|TRUE|김반장의 네번째 의뢰, 새로 생긴 중국집 하나가 주변 중국집들을 초토화 시킨다고 한다. 그들의 비법을 훔쳐오라는 다소 위험하고 식상한 의뢰, 그리고 이곳은 김반장의 단골집이기도 하다."|
"대구|기타|방탈출브이 삼덕점|호호랜드|http://www.v-escape.co.kr/|3.5|60|TRUE|김반장의 아홉번째 의뢰, 삼덕동에서 계속해서 실종되는 아이들, 용의자로 시계방 주인 호호할배가 지목된다. 인자하기로 소문난 노인이 진짜 아이들을 납치라도 한걸까? 우선 그의 집에 몰래 들어가 탐문만 하고 나오자."|
"대구|기타|방탈출 브이 공평점|몽환의 숲|http://www.v-escape.co.kr/|2.5|60|TRUE|장덕구를 찾는 과정에서 나온 이름, 앨리스! 소녀가 살고있는 마을로 가보니 그녀의 행방조차 묘연하다. 김반장은 그녀가 마지막으로 목격된 몽환의숲으로 발걸음을 옮긴다. 숲 속에 도깨비가 산다는 전설은 뻥이겠지?"|
"대구|기타|방탈출 브이 공평점|하나보살|http://www.v-escape.co.kr/|3|60|TRUE|김반장의 일곱번째 의뢰, 동네무당 하나가 마을사람을 홀려 재산을 갈취한다고 한다. 마을 이장이 직접 찾아서 부탁을 하는데, 거절하기 쉽지 않다. 얼마나 용한 무당인지 구경이나 가보자."|
"대구|기타|큐브이스케이프 대구점|헨젤과 그레텔|http://daegu.cubeescape.co.kr/|4|60|TRUE|과자로 만든 집 , 케잌, 달콤한 쿠키와 초콜렛 ‘ ‘신비의 마녀오두막 과 아궁이 ‘ 동화속에 신비한 공간이 현실로 나타났습니다! 이 신비의 공간에서 마녀의 비밀오두막 까지 여행을 떠나보세요~"|
"대구|기타|큐브이스케이프 대구점|폼페이 최후의날|http://daegu.cubeescape.co.kr/|4|60|TRUE|한 순간에 모든 것이 잿더미로 변해버린 도시 폼페이. <br>오랜 시간 잠들어 있던 폼페이의 화산이 다시 분화하기 시작한다. <br>도망치려하지만 출구는 이미 잿 덩이로 막혀버린 상태. 조금도 지체할 시간이 없다! 이미 마그마가 흘러내리기 시작한다. <br>주어진 시간은 단 60분 <br>나는 이 도시의 최후의 생존자가 될 수 있을 것인가?"|
"대구|기타|황금열쇠 동성로점|가이아 기적의땅|http://xn--jj0b998aq3cptw.com/|3|60|TRUE|모든 것이 이 곳에서 시작된다"|
"대구|기타|황금열쇠 동성로점|JAIL.O|http://xn--jj0b998aq3cptw.com/|5|90|TRUE|최대규모의 감옥, OSPIREAN"|
"대구|기타|지구별 방탈출|우리 아빠|https://www.xn--2e0b040a4xj.com/|3|70|TRUE|어느 날 아빠가 나에게 물었다. <br><br>내 딸, 기분이 어떠니? <br><br>나는 대답했다. <br><br>너무 행복해요 아빠"|
"대구|기타|지구별 방탈출|너의 겨울은 가고, 봄은 온다|https://www.xn--2e0b040a4xj.com/|2|60|TRUE|내 이름은 인카. 핀란드 산타마을 로바니에미의 산타클로스다. <br>올해 선물 배달의 주인공을 배정받았는데, 바로 마을 최악의 <br>장난꾸러기 여자아이 안나. 매년 산타클로스가 오는 날이면 <br>굉장히 짓궂은 장난을 벌이며, 산타가 선물을 쉽게 배달할 수 없게 <br>집에 다양한 문제들을 만들어두는걸로 유명하다. <br>나는 무려 52년간 단 한번도 배달을 실패한 적 없는 초특급 베테랑. <br>한낱 9살 꼬마의 장난 따위에 실패할 내가 아니지! <br>썰매 빼와라 루돌프. 휘바휘바~!"|
"대구|기타|지구별 방탈출|만월 << 꿈을 훔치는 요괴>>|https://www.xn--2e0b040a4xj.com/|4|75|TRUE|베트남 꽝남성 호이안 외곽의 작은 마을 빈디엔. <br>이 작은 마을엔 보름달이 뜨는 밤, 꿈을 훔치는 요괴가 나타난다는 전설이 있다. <br><br>꿈도둑으로 취업한 신입 요괴 '뉴엉'의 첫 업무는 빈디엔에서 꿈을 훔쳐오는 것. <br><br>자, 업무 시작이다!"|
"경북|포항|룸즈에이 포항점|Secret Agent|http://roomsa.co.kr/|4|60|TRUE|카디프에 위치해 있는 비밀안가. 양복점으로 운영 중이던 이곳이 적대 세력에 의해 공격 당하고 이곳을 관리하던 관리인 Merlin은 혼수 상태에 빠져버린다. 이 곳 어딘가에 일급 기밀 CD를 보관하는 장소가 있지만, 유일하게 비밀장소를 알고 있던 Merlin이 의식이 없기 때문에 요원들을 파견 하게 되는데... 일급 문서가 있는 CD를 찾아 사수하라!"|
"경북|포항|더패닉 방탈출카페|생존의 기로 1|https://thepanic.modoo.at/|3|60|TRUE|2005년3월... 미국 전역은 헬로우맨으로 인해 공포로 휩싸인다. 매주 사망자가 쏟아져 나왔고, 살해현장에는 여지없이 노란색 락카로 칠해진 ""HELLO""란 문구가 선명히 남아있었다. 그리고 오늘, 두명의 프로겜블러를 대상으로 또 다른 살인이 시작된다."|
"경북|포항|더패닉 방탈출카페|센의 진실|https://thepanic.modoo.at/|4|60|TRUE|산골마을의 한적한 밤, 하늘이 뚫린 듯 쏟아지는 소나기를 해치며 한 소녀가 걷고 있다. <br><br>긴 시간을 걸었는지, 흠뻑 젖은 옷과 축 처진 머리카락... <br><br>그 뒤를 다른 소녀들이 뒤따르고 있었고, 초점을 잃은 소녀의 눈동자는 골목 끝 의료원을 바라보는데..."|
"경북|포항|더패닉 방탈출카페|흉가 탈출|https://thepanic.modoo.at/|4|60|TRUE|아무도 살지 않는 깊은 산속의 흉가... <br><br>15년전 일어난 화재사건으로 한 가족이 한줌의 재가 되었고, 억울함에 떠나지 못하는 한 여인의 울음소리가 매일같이 울려 퍼지는데..."|
"경북|포항|더패닉 방탈출카페|제물|https://thepanic.modoo.at/|4|60|TRUE|파리지하의 조그마한 바에서 술을 즐기던 두 남자 <br><br>몽환적 표정의 바텐더가 넘기는 한잔의 술에 그들의 운명이 이리도 바뀔줄은 몰랐다. <br><br>눈앞에는 애기로만 들었던 베인교의 상징이 그려져 있었고 언제 그들이 제물이 될지도 모른 채 긴장감은 더해져 가는데..."|
"경북|포항|룸즈에이 포항점|낭랑카페|http://roomsa.co.kr/|3|60|TRUE|낭랑 카페는 오랫동안 존재해 왔습니다. 즐거운 방랑 이라는 뜻을 가진 낭랑 카페는 여러분이 아주 깊은 고민을 하며 걷거나 사색에 잠겨 걷거나 그것도 아니라면 정말 아무런 생각없이 멍하니 걸을 때 여러분 앞에 나타납니다. 믿거나 말거나 나폴레옹이나 베토벤도 저희 낭랑 카페를 방문한 적이 있습니다. 그들이 어떤 고민을 안고 낭랑 카페의 문을 열었을지는 아무도 모르는 일입니다. 낭랑카페에는 종업원이 없습니다. 하지만 여러분은 종업원이 없이도 최고의 음료수를 맛볼 수 있죠. 자, 이 수수께끼로 가득한 낭랑카페를 이용해 보시겠어요? 아니면 그냥 지나치시겠습니까?"|
"경북|포항|룸즈에이 포항점|너와 나의 이야기|http://roomsa.co.kr/|4|60|TRUE|너와 처음 만난 건, 달과 가장 가까운 골목길이었다. 박스 안에서 힘겹게 울음소리를 내던 네 모습을 아직 나는 기억한다. 이것은 너와의 처음부터 마지막까지를 다룬, 10년 동안의 이야기이다."|
"경북|포항|룸즈에이 포항점|안개꽃|http://roomsa.co.kr/|4|60|TRUE|화가인 그가 내게서 떠나간지 어느덧 한 달, 나는 여전히 그와의 시간 속에 머물러 있다. 그리움과 원망을 가득 안고 골목길을 걷던 어느 날, 밤공기를 들이마시며 한 걸음씩 내딛던 나는 작은 골목길과는 어울리지 않는 전시관을 보게 되었다. 처음 보는 전시관이었지만 어디선가 그의 향기가 흘러나오는 듯 했고, 그 추억 속의 향기에 이끌려 전시회장 안으로 들어서게 되었다."|
"경남|양산|머더파커 양산점|언타이틀(Untitle)|http://murderparker.com/|4|60|TRUE|아무것도 알 수 없다. 당신만이 이 방의 비밀을 풀어낼 수 있다. 이제 모든 것은.... 당신에게 달려있다."|
"경남|진주|방탈출카페 THE KEY|2017 홍길동|http://www.thekeyescape.com/|3|60|TRUE|사채업자 김악질.<br>그의 금고 안에는 주민들의 피를 빨아 먹어 만든 금괴가 있다.<br>금고를 털어 동네 사람들에게 돌려줘라."|
"경남|진주|방탈출카페 THE KEY|쏘우|http://www.thekeyescape.com/|3|60|TRUE|6번의 용기!<br><br>자... 이제 게임을 시작하지"|
"경남|진주|방탈출카페 THE KEY|동지|http://www.thekeyescape.com/|3|60|TRUE|동지가 남기고간 밀정의 흔적! <br><br>밀정을 찾았다는 소식이 왔다. <br>한 숨에 달려 갔지만 동지는 이미 일본군에 체포 된 후였다. <br>동지가 남기고간 밀정의 흔적. <br>반드시 찾아야만 한다."|
"경남|진주|방탈출카페 THE KEY|7일|http://www.thekeyescape.com/|4|60|TRUE|7일이 되면...!!<br><br>매월 7일이면 진주에서 일어나는 실종사건.<br>그리고 매월 7일이면 어김없이 외출하는 우리집 옆 화실 아저씨.<br>항상 밝게 인사하는 아저씨이지만 나는 그가 수상하다."|
"경남|진주|방탈출카페 THE KEY|올드보이|http://www.thekeyescape.com/|5|60|TRUE|스스로 구원하라 <br><br>노루가 사냥꾼의 손에서 벗어나는 것 같이 새가 그물을 치는 자의 손에서 벗어나는 것 같이 스스로 구원하라."|
"경남|진주|더코드 진주점|위자보드 : 위험한 장난|http://thecode07.kr/|4|60|TRUE|"" 이건 게임일 뿐이야.. 안그래? "" <br>악령을 부르는 게임.. 위자보드.. 어둠 속 악령이 이 집안에 숨어있다."|
"경남|진주|더코드 진주점|재즈바 W : 위험한 거래|http://thecode07.kr/|3|60|TRUE|미국 전지역에 퍼진 마약 [ BLOW ] <br>잠입수사를 통해 불법거래의 단서를 잡아라"|
"경남|진주|더코드 진주점|강력 1반 : 사라진 아이들|http://thecode07.kr/|3|60|TRUE|강력 1반 : 연쇄 유괴사건 <br>유괴사건이 일어난지 1년뒤.. 또 다시 한 아이가 흔적도 없이 사라진다.."|
"경남|진주|더코드 진주점|아파트|http://thecode07.kr/|4|60|TRUE|늦은밤 친구에게서 걸려온 전화.. <br>그녀의 다급한 목소리에선 두려움 같은걸 느낄 수 있었다."|
"경남|진주|더지니어스|박씨네 라면가게|http://xn--9i1bjk550bu3c7vg.com/|5|60|TRUE|50년 전통의 일본 라멘 맛집.<br>맛의 비법을 구하기 위해 영업이 끝난 시간에 가게로 숨어 들어간다.<br>그러나 엄청난 비밀이 숨겨져 있다는 것을 발견하게 되는데..."|
"경남|창원|타임이스케이프|극한탈출|https://timeesc.com/|3.5|60|TRUE|재미있다고 소문난 타임이스케이프에 <br>늦은시간에 체험하러 왔는데, <br>직원들이 우리를 잊고 퇴근을 했다?! <br>나름 방탈출 만렙인 우리들이 <br>방탈출카페에서 무사히 탈출하기!"|
"경남|창원|타임이스케이프|학교<야자탈출>|https://timeesc.com/|3.5|60|TRUE|중요한 약속이 있었지만 <br>야간자율학습때문에 <br>약속을 지키지 못하게 되었다. <br>그런데 마침 담임선생님이 <br>외출을 하였다는 소식을 듣게 되었다. <br>선생님은 1시간후에 돌아 오신다고 한다. <br>선생님이 오시기전에 몰래 학교를 탈출해야 한다...."|
"경남|창원|타임이스케이프|크라임씬|https://timeesc.com/|3.5|60|TRUE|저택에서 벌어진 밀실살인사건! <br>범인은 피해자를 살인하고 <br>어디로 사라진 것일까? 범인은 과연 누구일까? <br><br>흥미진진한 게임중에 서서히 <br>범인의 윤곽이 밝혀지고.... <br>방탈출게임과 추리게임의 절묘한 만남. <br>크리임 씬!"|
"경남|창원|이스케이프탑 창원점|AR 마법사:미로의방|http://changwontop.net/|2|60|TRUE|크리티아 마법학교의 소문난 말썽꾸러기인 학생들(혹은 여러분). 무섭고 괴팍한 기숙사감 선생의 눈을 피해 개교이래로 절대 개방되지 않는 폐건물로 숨어들어간다. 오래된 철문을 열고 들어간 폐건물 안에 한가지 메모 쪽지가 발견되는데 폐건물이 사실은 과거 마법사들을 시험했던 미로이며 '세 가지 보물을 찾아야만 나갈 수 있다'라고 써있다. 들어올 때는 쉽게 들어왔지만, 나갈 때는 마음대로 나갈 수 없는 폐건물. 과연 미로 체험을 무사히 끝낼 수 있을까?"|
"경남|창원|이스케이프탑 창원점|미션:폭탄제거|http://changwontop.net/|3.5|60|TRUE|테러가 빈번하게 일어나는 이곳, A항공사에 폭탄 테러가 일어 났다. 폭탄은 ISA을 기반으로 하여 도시의 전체를 날려버린다고 하는데 <br>폭탄의 주변에는 테러범들이 잠복해 있으며, 레이저를 이용한 경계를 강화해 우리 선발 요원들은 유연성 및 민첩성이 높은 요원들로만 구성되었다. <br>팀원들에게는 60분이라는 시간이 주어졌다. <br>과연 이 미션을 성공 할 수 있을까?"|
"경남|창원|이스케이프탑 창원점|프리즌 수감번호1508|http://changwontop.net/|3.5|60|TRUE|난 수감번호 1508. 여기선 이름없이 이렇게 불린다. <br>억울한 누명을 쓰고 감옥에 갇힌 지 98일. 나뿐만이 아니다. <br>여기 있는 모두가 이곳을 탈출하기 위해서 준비를 하고 있다. <br>이곳에서 나갈 방법은 단 하나! <br>한시간 후에 있을 사형식 전에 나는 간수들을 피해 지금 탈출을 시작하려고 한다."|
"경남|창원|이스케이프탑 창원점|더미러:싸이코패스|http://changwontop.net/|4.5|60|TRUE|'사랑해 여보'' <br>여느 다정한 남편처럼 상냥하고 밝은 모습으로 나에게 사랑한다고 말하는 남편. <br>아무도 모를 것이다. 경찰관인 나의 남편이 누군가를 살해하는 것을 즐기는 미친 싸이코패스인것을... 같이 살던 나 역시도 몰랐으니까. <br>이제 이 사람은 내게 자신의 죄를 뒤집어 씌우고 내가 자살한 것처럼 꾸며 위기를 모면하려 한다. <br>어서 빨리 그의 손아귀에서 벗어나야만 한다. 그래서 세상에 그의 진짜 모습을 알려야 해. <br>구해달라는 비명조차 지를 수 없는 숨막히는 공포감. 나는 과연 살아서 이곳을 벗어날 수 있을까?"|
"경남|양산|머더파커 양산점|머더파커 분노의 살인|http://murderparker.com/|2|60|TRUE|주한미군 아빠와 한국인 엄마 사이에서 태어난 김파커, 그는 생김새가 다르다는 이유로 아이들에게 따돌림을 당하고 숨바꼭질 중 술래가 된 파커만 남겨둔 채 모두들 집으로 돌아가는데... 분노한 파커는 20년 동안 한명한명 찾아가기 시작한다. 그중에 한명인 당신! 파커의 손에서 벗어나야 한다!"|
"경남|양산|머더파커 양산점|엘리스 사라진 아이|http://murderparker.com/|2|60|TRUE|유럽의 어느 평화로운 대저택. 즐거운 식사 도중 엄청난 굉음이 들려온다. 굉음이 들리는 곳은 엘리스의 방. 모두가 황급히 엘리스의 방으로 달려가 보지만 감쪽같이 사라진 엘리스. 그리고 의문의 통로와 수많은 문들... 당신은 탐정이 되어 엘리스의 행적을 찾아내야 한다!"|
"경남|양산|머더파커 양산점|오씨네 장난감 가게|http://murderparker.com/|5|60|TRUE|늦은 밤 10시, 아무도 없는 거리에 불 꺼진 장난감 가게. 왠지 비밀스러워 보이는 그 곳의 주인은 푸근한 미소가 인상적인 오씨 아저씨. 어느 날 당신은 누군가의 부탁을 받은 김파커가 되어 밤이 되면 기묘한 기류가 흐르는 그 곳에 들어가 중요한 무언가를 가지고 나와야 한다!"|
"전남|목포|하일 이스케이프|THE ROOM 014|https://www.instagram.com/HAIL_ESCAPE_ROOM/|3|60|TRUE|어느 집 화장실에서 살인사건 발생. <br>피해자는 45살 J씨 <br>피해자와 함께 있던 D씨는 기절 후 깨어나 <br>살인 사건 현장을 목격하게 된다. <br>방 곳곳을 살펴보니 여기는 예전부터 살인사건이 <br>일어나는 곳 같아 보인다... <br>모든 전화기와 통신 수단이 불통이다. <br>탈출가능한 모든 문이 잠겨있다. <br>분명 어딘가 나갈수 있는 단서가 있을 것이다. <br>그 단서를 찾아 탈출하자."|
"전남|목포|하일 이스케이프|SECRET GARDEN (비밀 화원)|https://www.instagram.com/HAIL_ESCAPE_ROOM/|5|60|TRUE|- 시크릿 가든에만 존재한다는 아주 귀한 꽃을 찾자. <br><br>이 가든은 아주 오래전부터 존재했다. <br>누가 만든 지도 언제 만들어진지도 알 수 없는 시크릿 가든 이지만, 어느 순간 마을에 소문이 퍼지기 시작했다. <br>이 신비한 시크릿 가든에 있는 귀한 꽃을 가지게 되면 소원이 이루어 진다는 소문이 퍼져 많은 사람이 그 꽃을 찾으러 갔지만 누구도 그 귀한 꽃을 찾지 못하였다. <br>그 꽃을 찾아 소원을 이루어 보자."|
"전남|목포|하일 이스케이프|HELICOPTER|https://www.instagram.com/HAIL_ESCAPE_ROOM/|7|60|TRUE|내이름 장덕배, 경찰이다. <br>장기밀매 조직이 활동하는 영역 그 주변을 잠복 근무 하게 되는데 <br>작은 실수로 인해 나의 신분이 노출 되었다. <br>결국 장기밀매 조직에게 잡혀 죽을 위기에 닥치는데.. <br><br>이곳을 탈출하여 지원요청을 하자."|
"전남|목포|하일 이스케이프|외출 :나가서 놀고싶다.|https://www.instagram.com/HAIL_ESCAPE_ROOM/|4|60|TRUE|코로낙 사태로 인해 집 밖으로 <br>외출을 자제한지 꽤 오래.. <br>오랜만에 친구와 산책하기로 했다. <br>안전하게 마스크를 챙겨 나가볼까?"|
"전남|여수|셜록홈즈 여수점|파라오의 심판|http://sherlock-holmes.co.kr/reservation/index.php?sido=13&bno=44&s_sido=13&s_no=44|4|60|TRUE|람세스 3세의 보물을 훔치고 저주를 피해 무사히 탈출한 나 더 많은 파라오 보물의 비밀을 알기 위해 이집트 국립 도서관으로 향하게 되는데... 예기치 않는 모험이 시작 되어 버렸다!"|
"전남|여수|셜록홈즈 여수점|할머니는 마법사|http://sherlock-holmes.co.kr/reservation/index.php?sido=13&bno=44&s_sido=13&s_no=44|3|60|TRUE|어린 시절 할머니는 나에게 줄 곧 마법사에 관한 이야기를 해주었다. 동심 가득한 시절 나에게 그 이야기는 새로운 세상의 로망이었다. 어느날 나에게 할머니가 보낸 편지가 도착했다. 편지의 내용은 나에게 줄 선물이 있으니 보름달이 뜨는 날 밤, 자신의 집으로 찾아오라는 내용 이었다. 일에 치여 신경 쓰지 못했던 할머니께 죄송함을 느끼며 보름달이 뜨는 날 밤 할머니의 집으로 향한다…"|
"전남|여수|셜록홈즈 여수점|빛과 그림자:화이트의죽음2|http://sherlock-holmes.co.kr/reservation/index.php?sido=13&bno=44&s_sido=13&s_no=44|3|60|TRUE|옐로우는 감옥에 가고, 사건은 영원히 종결된 것만 같았다. 이미 30대 때 세계적인 작가가 된 화이트, 그의 옆에는 그림자와 같은 존재인 블랙이 있었다. 그는 일평생을 천재작가의 그늘에서 사는데.. 전세계 독자들을 슬프게 만든 화이트의 죽음, 그 뒤로 언젠가부터 블랙의 소식도 사라지게 되고. 블랙은 금세 사람들의 기억에서 지워져 버렸지만 당신은 왠지 이 사건이 화이트의 죽음과 무관하지 않을 거란 생각이 들어, 화이트의 방을 다시 조사하기 시작한다."|
"전남|여수|셜록홈즈 여수점|이상한 나라의 초대|http://sherlock-holmes.co.kr/reservation/index.php?sido=13&bno=44&s_sido=13&s_no=44|3|60|TRUE|이상한 나라의 파티에 초대되다... 괴이한 토끼를 통해 하얀 여왕의 전보를 받고... 이제 이상한 나라로의 여행이 시작되었다. 하얀 여왕에게 가는 길에 맞이한 붉은 여왕의 카드병정 군대. 당신은 방해를 물리치고 무사히 집으로 돌아갈 수 있을까?"|
"전남|여수|셜록홈즈 여수점|전기톱 살인사건 |http://sherlock-holmes.co.kr/reservation/index.php?sido=13&bno=44&s_sido=13&s_no=44|3|60|TRUE|텍사스주의 어느마을을 지나던 당신은 우연히 이곳 별장까지 찾아오게 된다. 방의 분위기는 심상치 않고 옆방에서는 진한 피냄새가 나는것 같다. 설마 이곳이 소문의 연쇄 살인마가 전기톱으로 사람을 살해하는 장소일까? 마침 살인마는 또다른 희생양을 물색하는데...."|
"전남|여수|셜록홈즈 여수점|크라임씬|http://sherlock-holmes.co.kr/reservation/index.php?sido=13&bno=44&s_sido=13&s_no=44|4|60|TRUE|한 가정에서 일어난 끔찍한 살인사건.. 엄마와 막내딸은 실종이 되었고 다른 가족들은 처참히 살해된 현장만이 남아있다. 이런 끔찍한 일을 벌인사람이 누구인지 이 사건의 수사를 맡게된 나는 과연 범인을 찾아낼 수 있을것인가"|
"전남|여수|셜록홈즈 여수점|무속인 살인사건|http://sherlock-holmes.co.kr/reservation/index.php?sido=13&bno=44&s_sido=13&s_no=44|4|60|TRUE|TV에 출연할 정도로 유명한 무속인 이 어느 날 싸늘한 시체로 발견? 피해자는 TV에 출연하여 화려한 달변과 점술로 유명해진 박수무당으로, 어느 날 자신의 점집에서 잘린 머리가 불에 탄 채 단골 고객에게 발견되었다. 과연 어떠한 연유로 박무당 은 죽음을 맞이해야 했는가? 빛나는 추리로 진실을 파헤쳐 보자."|
"광주|기타|에스케이프|RED|https://www.ascape.online/|5|80|TRUE|미 해겨? 사건을 해결하는 RED 팀 <br><br>생존자는 단 하? 며? <br><br>생존자의 기억 속에서 단서를 찾아야 한다."|
"광주|기타|뉴이스케이프 광주점|한잔해|http://newescape.co.kr/home/|4|60|TRUE|당신은 신입사원 신미생. 소속팀이 회사의 대형 프로젝트를 성공리에 마쳤다.<br><br>""고생 많으셨습니다!""<br>""그래. 다들 수고 많았어요. 오늘은 다 같이 한잔하지!""<br>팀원들과 함께 하는 즐거운 회식!<br>""자~! 다들 한잔해!"" ""마시자고!""<br>그런데.. 이거 어째 너무 많이 마시는것 같은데..?<br>뭔가 심상치 않은 회식자리. 탈없이 무사히 끝날 수 있을까?"|
"광주|기타|뉴이스케이프 광주점|수수꽃다리|http://newescape.co.kr/home/|4|60|TRUE|당신은 미스테리 동호회의 회원. <br>최근 한국 10대 미스테리로 떠오른다는 수수꽃다리 저택의 소문을 듣고 찾아가게 된다. <br>수수꽃다리가 예쁘게 피는 동산 옆의 조용한 저택. 보물이라도 숨겨져 있는 걸까? <br>실제로 가본 사람은 있지만 뭐가 있는지 정확히 말하는 사람은 없는 신기한 곳. <br>그 저택에는 무엇이 있는 걸까? 왜 다녀온 사람들은 아무말도 하지 않는걸까?"|
"광주|기타|더코드|타짜|http://www.thecode-escape.com/|4|60|TRUE|-"|
"광주|기타|방탈출카페 숨바꼭질 2호점|명당|http://www.hideescape.com/layout/res/home.php?go=main|3|80|TRUE|풍수사님 안녕하십니까. <br>저는 광주상인연합회 회장입니다. <br>저희 시장에 문제가 생겼는데, 풍수지리 한 번 봐주시겠습니까?"|
"광주|기타|방탈출카페 숨바꼭질 2호점|재개발구역 : 관계자 외 출입금지|http://www.hideescape.com/layout/res/home.php?go=mainn|3|70|TRUE|용봉철거반 사무실에 뭔가 으스스한 폐건물을 철거해달라는 의뢰가 들어온다. <br>'하... 싫은데... 얼른 폭탄만 설치하고 나오자'"|
"광주|기타|셜록홈즈 광주전대점|이 아이를 기억해주세요|http://sherlock-holmes.co.kr/|4|75|TRUE|영원할 줄로만 알았던 순간들이 예고도 없이 사라지게 되었다. 그렇게 나의 숨바꼭질은 시작되었다."|
"광주|기타|셜록홈즈 광주전대점|나랏말싸미|http://sherlock-holmes.co.kr//|3|75|TRUE|아주 먼 옛날, 하루 벌어 하루 먹고 살기도 바쁜 나무꾼 송 가. 어느 때와 다름없이 평화로운 날을 보내던 송가는 문서를 하나 발견하고... 그런데 이걸 어떻게 읽더라?"|
"광주|기타|머더파커 광주점|파커투|http://murderparker.com/|2|60|TRUE|살인마 파커에게 잡혀 온 두 명의 사람. 당신은 이 곳을 탈출해 파커에게서 벗어나야한다."|
"광주|기타|머더파커 광주점|머더파커 광주점의 비밀|http://murderparker.com/|4|60|TRUE|어서오세요. 머더파커 광주점에 오신 것을 환영합니다."|
"광주|기타|머더파커 광주점|포수 장덕팔|http://murderparker.com/|2|60|TRUE|멧돼지 사냥만 하고 산지 20년이 흘렀다. 과거 군생활을 하며 아내, 딸아이와 함께 행복했던 시절도 있었지만 뒷산에 놀러나갔던 딸아이가 멧돼지의 공격에 세상을 떠난 이후론 더이상 평범한 ‘장덕팔’의 삶은 없었다. 그러던 어느 날 뜻밖의 편지 한통이 도착했다."|
"광주|기타|비밀의 화원 광주점|무고|http://secretgardenescape.com/|4|75|TRUE|무고 : 무당의 저주"|
"광주|기타|비밀의 화원 광주점|비밀의 가족|http://secretgardenescape.com/|5|75|TRUE|어느날부터인가 옆집에서 밤마다 들려오는 쿵쿵대는 소리.참다못한 나는 항의를 하기 위해 옆집으로 찾아간다.이상한 분위기가 감도는 집 안, 이 집에 살고 있는 가족의 비밀을 알게되는데.."|
"광주|기타|비밀의 화원 광주점|라스트 잡|http://secretgardenescape.com/|4|90|TRUE|당신들은 포레전자에 다니고 있는 사원들이다. 그런데 회사가 예고도 없이 몇 주전부터 폐업절차에 들어 가게 되고... 다들 정신이 없는 와중에 한 직원의 와 달라는 연락을 받게 된다. 스펙타클하게 펼쳐지는 그들의 마지막 업무가 시작된다."|
"광주|기타|에스케이프|BETA TESTER|https://www.ascape.online/|4|80|TRUE|취직하기 어려운 요즘 <br><br>알바몽을 통해서 알바를 구하다가 <br><br>나의 눈을 사로 잡는 공고가 눈에 띄었다"|
"광주|기타|에스케이프|LINK|https://www.ascape.online/|3|80|TRUE|-현재 2022년 첫번째 이야기- <br>뉴럴링크라는 회사에서 악의 적인 목적으로 칩을 판매한다는 정보를 얻었다. <br><br>?칩에 대한 정보를 빼내어 막아야 한다! <br><br>요원치고는 조금 부족한 요원 <br><br>?왜일까?"|
"전북|익산|마스터키 익산점|이불밖은위험해|http://www.master-key.co.kr/booking/bk_detail?bid=12|4|60|TRUE|..."|
"전북|익산|마스터키 익산점|경찰서를 털어라|http://www.master-key.co.kr/booking/bk_detail?bid=12|3|60|TRUE|2년전, 이름을 날리던 전문 털이범인 당신은 <br>마침내 최고의 보석을 손에 넣었다. <br><br>하지만 수사망을 피하기 위해 보석을 공사중인 건물에 숨기게 되고 <br><br>눈을 피해 은둔 생활을 하던 2년의 시간, <br>숨겨 놓은 보석을 회수하기위해 같은 장소로 달려갔으나, <br>건축중이던 건물이 시경찰국이 되어있었다!! <br>과연 당신은 그 보석을 다시 손에 넣을 수 있을 것인가! ??"|
"전북|익산|마스터키 익산점|온칼로:10만년의밤|http://www.master-key.co.kr/booking/bk_detail?bid=12|4|60|TRUE|전세계에서 유일한 핵 폐기물 처리시설 ONKALO:온칼로. <br><br>기나긴 프로젝트가 끝나고 완전봉인에 들어가는 순간, <br>옮기지 못한 마지막 핵 폐기물 발견된다. <br><br><br>봉인되기 전 마지막 1시간! <br>폐기물을 안전하게 옮기고 무사히 <br>영구봉인을 마무리 하라!!"|
"전북|익산|마스터키 익산점|트로이 목마|http://www.master-key.co.kr/booking/bk_detail?bid=12|4|60|TRUE|독일군의 작전을 알아내라는 <br><br>상부의 명령에 따르기 위해 <br><br>독일군 장교로 변장해 <br><br>기지내에 잠입에 성공한다. <br><br>당신의 정체가 들키기 전에 <br><br>독일군 비밀정보를 탈취하여 <br><br>당신의 임무를 달성해야 한다"|
"전북|익산|마스터키 익산점|카마수트라|http://www.master-key.co.kr/booking/bk_detail?bid=12|3|60|TRUE|‘진정한 쾌락을 위해서…’ <br><br>자극적인 한문장과 주소 한줄, 본능에 이끌려 도착한 장소. <br>이곳에서 카마수트라의 마지막 비밀을 찾으려 하는데... <br><br>전설속에 전해지는 궁극의 체위! <br>당신은 그 마지막 비밀을 손에 넣을 수 있을 것인가. ??"|
"전북|익산|마스터키 익산점|호스텔|http://www.master-key.co.kr/booking/bk_detail?bid=12|4|60|TRUE|졸업을 축하하며 여행을 떠난 당신과 친구들 <br><br>여행도중 아름다운 마을에 도착하게 되고 <br><br>마을외각의 호텔에서 즐거운 마음으로 잠든다. <br><br>갑작스러운 비명에 놀라 깬 당신 <br><br>달라진 환경에 당혹감을 느끼는데"|
"전북|익산|지니어스 이스케이프 익산 본점|잃어버린 기억|http://www.geniusescape.kr/|4|60|TRUE|어느 날 갑자기 영문도 모른 채 어느 방에 갇혀버린 한 남자. <br>방 안에서 잠이 들고 나면 자신의 기억의 일부가 사라진다는 것을 알고 <br>방을 탈출하기 위해 자신의 잃어버린 기억을 찾기 시작한다."|
"전북|익산|지니어스 이스케이프 익산 본점|도플갱어|http://www.geniusescape.kr/|4|60|TRUE|세상에 혼자 버려진 채 홀로 외롭게 살던 나에게 쌍둥이 동생과 가족이 존재한 다는 것을 어느 날 우연히 알게 된 언니, 자신의 존재를 잊은 채 살아가고 있는 가족과 동생에게 분노하며 치밀하게 복수를 계획하게 된다..!"|
"전북|익산|지니어스 이스케이프 익산 본점|수상한 회사원|http://www.geniusescape.kr/|5|60|TRUE|해가 저무는 금요일 저녁, 임사원은 만원 버스에 몸을 맡긴 채 어딘가로 향하고 있다.<br><br>무려 2개월 만인가? 계속 되는 야근 속 정시퇴근에 들뜬표정<br><br>여자친구의 생일인 오늘, 퇴근이 늦을까 하는 걱정에 그녀의 잔소리와 함께 바쁘게 시작되었지만 결국 그의 두 손에는 케이크와 선물이 들려있다.<br><br>하지만 약속장소에 거의 도착할 즈음 걸려온전화 한 통, 급히 버스에서 내린 후 택시를타고 회사로 향한다.<br><br>휴가 중인 최부장이 또 자신 대신 수상한 일 처리를 맡긴 것이다.<br><br>방법은 하나 뿐이다.<br><br>내키진 않지만 최부장이 시킨 일을 끝낸 후, 다시 그녀를 향해 가는 것 뿐!"|
"전북|익산|지니어스 이스케이프 익산 본점|제물|http://www.geniusescape.kr/|4|60|TRUE|미국 북부지역에는 중심으로 베인교라 불리는 집단이 있었다. <br>이들은 처음에는 수십 명 정도의 소규모 집단이었으나 교주 베인의 엄청난 카리스마로 불과 1년여 만에 전세계로 빠르게 퍼져나갔고, 현재는 그 수가 10만이 넘었을 것으로 예상하고 있다. <br>처음에는 단지 베인에 대한 충성심으로만 똘똘 뭉치던 회원들은 점차 늘어가는 회원들에게 경쟁의식을 느끼기 시작했고 급기야 일부 지역에서는 사람을 잡아다 제물의식에 동원하기까지 이르렀다. <br>급기야 미국 및 관련 국가들이 베인교를 해체시키기 위해 다양한 방법을 강구해 보았으나, 회원 대부분이 사회에서 정상적 활동을 하고 있었기에 이들의 정체를 파악하기란 무척이나 어려운 일 이었고, 지금 이 순간에도 베인교로 인한 제물은 생겨나고 있다."|
"전북|익산|지니어스 이스케이프 익산 본점|메이저리그|http://www.geniusescape.kr/|3|60|TRUE|세계 최고의 야구 구단 LET, 그러나 구단은 자신들의 선수들에게 근력을 극대화하도록 명령하는 전자 칩을 몸에 심기에 이르고.. 칩이 심어진 선수들은 사이보그가 되었고, 통증을 느끼지 못한 채 극한의 근력을 활용하게 된다. <br><br>LET 트레이닝 룸에선 2군 선수들이 훈련이 한창이다. 이중 유독 크리스와 로울의 훈련에 관심을 두고 바라보던 메익 감독은 묘한 웃음을 지어 보이고, 몇 시간 뒤 그들은 감독의 호출로 집중 훈련실에 불려온다. 하지만 감독은 없고 벽면에 설치된 카운터만 작동 중인데… 이상한 느낌에 훈련실을 나가보려 하지만 굳게 잠겨진 문은 열리지 않고, 방안 스피커에서 메익의 목소리가 흘러나오는데…"|
"전북|전주|머더파커 1호점|머더파커 분노의 살인|http://www.murderparker.com/sub_01/sub01_1.html?JIJEM=S1|1|60|TRUE|주한미군 아빠와 한국인 엄마 사이에서 태어난 김파커, 그는 생김새가 다르다는 이유로 아이들에게 따돌림을 당하고 숨바꼭질 중 술래가 된 파커만 남겨둔 채 모두들 집으로 돌아가는데... 분노한 파커는 20년 동안 한명한명 찾아가기 시작한다. 그중에 한명인 당신! 파커의 손에서 벗어나야 한다!"|
"전북|전주|머더파커 1호점|내 이름 지배만|http://www.murderparker.com/sub_01/sub01_1.html?JIJEM=S1|5|60|TRUE|‘다른 사람들과 조금 다른 나. 스스로 지켜야만 해.’"|
"전북|전주|머더파커 1호점|일주(ONE WEEK)|http://www.murderparker.com/sub_01/sub01_1.html?JIJEM=S1|5|60|TRUE|노동협회 소속으로 협회원들의 휴가를 보장하기 위해 파견되어 업무를 대신하는 업무를 맡고 있는 나, ‘저기오'. 오늘부터 일주일 간 휴가를 떠난 의뢰인의 집을 방문해 일을 대신하기로 했다. ? 이번 의뢰인은 특히 완벽주의자에 일중독자라던데... 잘 해낼 수 있겠지?"|
"전북|전주|머더파커 2호점|언타이틀(Untitle)|http://www.murderparker.com/sub_01/sub01_1.html?JIJEM=S2|2|60|TRUE|아무것도 알 수 없다. 당신만이 이 방의 비밀을 풀어낼 수 있다. 이제 모든 것은.... 당신에게 달려있다."|
"전북|전주|머더파커 2호점|NEW 토니파커 숨겨진 과거|http://www.murderparker.com/sub_01/sub01_1.html?JIJEM=S2|5|75|TRUE|서재에서 책을 읽으며 평화로운 시간을 보내던 토니파커. 지하실에서 들려온 갑작스런 굉음과 함께 딸 엘리스가 사라졌다. 지하실은 엘리스가 태어난 후로 들어간 적이 없었는데... 토니파커는 지하실의 비밀을 알아내고 엘리스를 찾을 수 있을까?"|
"전북|전주|머더파커 2호점|목격자들|http://www.murderparker.com/sub_01/sub01_1.html?JIJEM=S2|4|70|TRUE|""비상!! 비상!! 민아 일어나봐!"" 꿈 속에서 신나는 우주여행을 하고 있었는데 시끄러운 소리에 깨어났다. 도대체 무슨 일이 일어난거야?"|
"전북|전주|머더파커 2호점|인턴사원의 크리스마스 생존기|http://www.murderparker.com/sub_01/sub01_1.html?JIJEM=S2|4|60|TRUE|드디어 기다리던 합격 소식을 들은 인턴사원. 그런데 하필이면 첫 출근이 크리스마스 이브 라니? 모두가 설레는 크리스마스 이브를 보내는 이때, 인턴사원은 첫 출근에서 예상치 못한 뜻밖의 임무를 받고 고군분투하는데... 당신은 첫 출근한 인턴사원이 되어 제대로 된 성과를 보여야만 정직원이 될 수 있다!"|
"전북|전주|카오스이스케이프 전주2호점|너의 곁으로|http://chaosesc.co.kr/2019/index.php|5|60|TRUE|한여름 소낙비처럼 짧았던 <br>두 남녀의 사랑이야기. <br>우리는 그들의 사랑을 첫 만남부터 <br>마지막까지 함께 하면서 <br>두 사람의 운명을 바꿀 수 있을까?"|
"전북|전주|카오스이스케이프 전주2호점|인피니티|http://chaosesc.co.kr/2019/index.php|6|60|TRUE|화성탐사에 나선 이들은 <br>먼 우주로부터 지구에 충돌뒤협이 되는 소행성이 다가오고 있는 것을 포착한다. <br>이들은 소행성으로부터 지구를 지킬 방법을 반드시 찾아야 한다."|
"전북|전주|카오스이스케이프 전주2호점|골드러시|http://chaosesc.co.kr/2019/index.php|5|60|TRUE|만주에 있는 독립군으로부터 <br>평범하게 살고 있는 우리에게 <br>민족자산을 수탈한 조선총독부의 <br>은행을 털자는 제안을 받는다. <br>우리의 장점은 오직하나 삽질뿐이다."|
"전북|전주|카오스이스케이프 전주2호점|작전명쉐도우|http://chaosesc.co.kr/2019/index.php|4|60|TRUE|태평양전쟁 중 미군은 <br>잠수정을 이용하여 적진에 있는 아군의 첩보요원을 안전지대로 후송하는 <br>작전계획을 세운다."|
"전북|전주|카오스이스케이프 전주2호점|협곡의메아리|http://chaosesc.co.kr/2019/index.php|3.5|60|TRUE|기나긴 가뭄으로 멸망위기에 처한 부족은 뜻밖의 우물을 발견한다. <br>하지만 우물은 무너진 협곡의 돌무더기에 가로막혀 흐르지 못한다."|
"전북|전주|카오스이스케이프 전주2호점|히어로|http://chaosesc.co.kr/2019/index.php|3|60|TRUE|소방관이 꿈이었던 주인공은 <br>지진재난으로 폐허가 된 도시에서 <br>소방관을 도와 위험에 빠진 사람들을 <br>구출하고 소방차에 구호품을 실어 <br>피해지역으로 출동을 한다."|
"제주|제주|더메이즈엑스|이도와이너리|http://www.themazex.co.kr/|4|60|TRUE|'생각보다 나쁘지 않네.' <br><br>얼마 전 돌아가신 할머니가 남긴 와이너리는 다른 사람 손에 팔리게 되었다. 생전 나를 아껴주셨던 그분을 생각하며 와이너리를 살펴보기로 했다. <br><br>와이너리에 와 본 적이 없기에 별다른 추억은 없었고, 이 곳은 이제 한 시간 후 철거될 예정이다. 대충 훑어보고 나가려는 그 때, 와이너리의 문이 잠겨 열리지 않는다... <br><br>문을 열 도구를 찾기 위해 이곳저곳 살펴보는 도중 할머니가 남기신 듯한 쪽지를 발견하게 된다. 쪽지에 적힌 메시지를 따라가며 와이너리에 숨겨진 비밀을 알아가게 되는데! <br><br>당신은 와이너리의 비밀을 파헤치고 철거 전까지 이곳을 탈출할 수 있을 것인가!"|
"제주|제주|더메이즈엑스|사라진 요원 M107|http://www.themazex.co.kr/|4.5|60|TRUE|외국 주요 기관을 해킹하는 정보기관 'M'. 제주도에서 활동하던 천재 해커 M107는 어느 날 자취를 감춘다. M107는 사라지기 직전 <임무 완료>라는 메시지를 남겨 놓는다. <br><br>사라진 요원 M107의 흔적을 쫓던 중 '의문의 요원들'과 마주쳐 사투 끝에 가까스로 그들을 따돌린다. 그리고 찾아낸 M107의 아지트. <br><br>당신에겐 M107이 숨겨둔 비밀을 풀어내고, 거대한 진실을 밝혀야 할 임무가 주어져 있다!"|
"제주|제주|더메이즈엑스|백록병원|http://www.themazex.co.kr/|5|60|TRUE|한라산 어딘가 사람들 발길이 잘 닫지 않는 곳에 자리하고 있다는 ‘백록 정신병원’. 이곳에 들어간 후 돌아온 사람이 없다는 소문만이 떠돌고 있다. <br><br>그리고 어느 날 정체모를 남자들에 의해 끌려오게 된 그 곳, 소문의 백록병원이었다. 백록병원의 원장은 1시간 동안 환자를 관찰 한 후 치료 여부를 결정한다고 말한다. 원장의 치료법이란 지금은 금지된 정신병 치료를 위한 '외과적 수술들'이라고 하는데.... <br><br>당신은 백록병원의 원장의 감시를 이겨내고 백록병원을 탈출할 수 있을 것인가!"|
"제주|제주|제주방탈출 제원점|신입사원출근기|http://xn--vh3bw8qo2aba23i98on1f.com/layout/res/home.php?go=main|3|60|TRUE|어려운 취업에 성공하고 오늘부터 장난감가게에 출근한 당신. <br>하지만, 벌써 출근해 있어야 하는 선배는 출근은 하지 않고 물건정리를 부탁한다는 연락만 왔다. <br>1시간 뒤 사장님이 내점하기 전까지 폭탄이라도 맞은듯 어지럽게 널려져 있는 물건들을 완벽하게 정리하여 첫 출근날을 무사히 마무리할 수 있을까?"|
"제주|제주|제주방탈출 제원점|빛과그림자|http://xn--vh3bw8qo2aba23i98on1f.com/layout/res/home.php?go=main|4|60|TRUE|엘로우는 감옥에 가고 사건은 영원히 종결된 것만 같았다. 화이트의 그림자같은 존재였던 블랙. <br>천재작가 화이트의 죽음과 함께 언젠가부터 블랙의 소식도 사라지게 되고 블랙은 금세 사람들의 기억에서 지워져 버렸지만 <br>당신은 왠지 이 사건이 화이트의 죽음과 무관하지 않을거란 생각이 들어 화이트의 방을 다시 조사하기 시작하는데..."|
"제주|제주|제주방탈출 제원점|웨딩크루즈살인사건-2탄|http://xn--vh3bw8qo2aba23i98on1f.com/layout/res/home.php?go=main|3|60|TRUE|김만술과 레이코는 부모의 반대가 심해 도망쳐 나온 예비부부이다. 그들의 끈질긴 노력으로 마침내 양가부모에게 허락을 <br>받게 되고, 레이코는 김만술에게 신혼여행으로 크루즈를 제안한다. <br>이에 김만술도 기쁜마음으로 흔쾌히 그 제안을 수락했고, 그 둘은 유람선 여행을 가게 되는데... <br>그곳에서 시작된 비극과 숨겨진 비밀이 당신을 숨조여 온다."|
"제주|제주|제주방탈출 제원점|산속의여인(3세대)|http://xn--vh3bw8qo2aba23i98on1f.com/layout/res/home.php?go=main|3|60|TRUE|갑자기 쏟아지는 비를 피하다 우연히 발견한 외딴 집. <br>문을 두드리니 마을에서 수상한 미인으로 소문만이 자자하던 여인이 나타나 비가 그칠 동안 머무는 것을 허락해주지만, <br>뭔가 수상한 낌새를 느낀 당신은 그곳에서 나가려 하지만 문은 이미 밖에서 잠겨있다. <br>과연 산속에 홀로 사는 그녀가 숨기고 있는 것은 무엇이며, 어째서 당신을 가둔 것일까?"|
"제주|제주|제주방탈출 제원점|저주받은집|http://xn--vh3bw8qo2aba23i98on1f.com/layout/res/home.php?go=main|4|60|TRUE|집세가 싸다는 말에 혹해 한번 둘러보게 된 낡은 집. <br>하지만 그 집은 마귀 들린 아이와 야반도주한 가족에 대한 흉흉한 소문이 도는 폐가였다. <br>뽀얗게 먼지가 앉은데다가 전기가 끊긴지도 한참 되어보이는 어수선한 풍경, <br>돌아가야겠다며 현관문을 돌려보지만 문은 열리지 않는데..."|
"제주|서귀포|더코드 제주서귀포점|재즈바 W : 위험한 거래|http://thecode06.kr/index.php|3|60|TRUE|미국 전지역에 퍼진 마약 [ BLOW ] <br>잠입수사를 통해 불법거래의 단서를 잡아라"|
"제주|서귀포|더코드 제주서귀포점|위자보드 : 위험한 장난|http://thecode06.kr/index.php|4|60|TRUE|"" 이건 게임일 뿐이야.. 안그래? "" <br>악령을 부르는 게임.. 위자보드.. 어둠 속 악령이 이 집안에 숨어있다."|
"제주|서귀포|더코드 제주서귀포점|세기의 명화를 훔치는 도둑들|http://thecode06.kr/index.php|4|60|TRUE|한 달 전 "" X ""에게 의뢰가 들어왔다. 진짜 모나리자가 숨겨져 있는 곳을 알아냈다고.. <br>프랑스 루브르 박물관에 전시되어 있는 명화 모나리자는 진품이 아니었다. <br>숲속 깊숙한 곳 수집가의 저택에 숨겨진 모나리자를 찾아내고 경찰이 오기전까지 경찰이 오기전까지 이 방을 벗어나야 한다."|
"제주|서귀포|더코드 제주서귀포점|다시 시작된 살인사건|http://thecode06.kr/index.php|4|60|TRUE|코를 찌르는 나프탈렌 냄새와 구역질 나는 악취에 못 이겨 잠에서 깨어났다. <br>나는 여기 왜? 이곳은 도대체 어디?! 정신을 차리고 보니.. <br>손목에는 수갑이 채워져 있고 출구로 보이는 문은 굳게 닫혀 있다."|
"제주|서귀포|더코드 제주서귀포점|강력1반 : 사라진 아이들|http://thecode06.kr/index.php|4|60|TRUE|강력 1반 : 연쇄 유괴사건 <br>유괴사건이 일어난지 1년뒤.. 또 다시 한 아이가 흔적도 없이 사라진다.."|
